-- ------------------------------------------------------------------
-- SCRIPT PARA CRIAÇÃO E POPULAÇÃO DO BANCO DE DADOS
-- UNFAE MED APP - VERSÃO UNIFICADA
-- ------------------------------------------------------------------

-- ETAPA 1: PREPARAÇÃO DO AMBIENTE
SET SQL_MODE = "NO_AUTO_VALUE_ON_ZERO";
SET time_zone = "+00:00";
SET FOREIGN_KEY_CHECKS=0;

-- ETAPA 2: CRIAÇÃO DO BANCO DE DADOS E TABELAS
CREATE DATABASE IF NOT EXISTS `unifae_med_app` DEFAULT CHARACTER SET utf8mb4 COLLATE utf8mb4_unicode_ci;
USE `unifae_med_app`;

-- Estruturas das Tabelas
CREATE TABLE `agenda_disciplinas_vinculadas` (`id_agenda_disciplina` int(11) NOT NULL,`id_evento` int(11) NOT NULL,`id_disciplina` int(11) NOT NULL,`data_criacao` timestamp NOT NULL DEFAULT current_timestamp()) ENGINE=InnoDB DEFAULT CHARSET=utf8mb4 COLLATE=utf8mb4_unicode_ci;
CREATE TABLE `avaliacoes_preenchidas` (`id_avaliacao_preenchida` int(11) NOT NULL,`id_questionario` int(11) NOT NULL,`id_aluno_avaliado` int(11) NOT NULL,`id_avaliador` int(11) DEFAULT NULL,`id_disciplina` int(11) DEFAULT NULL,`id_turma` int(11) DEFAULT NULL,`id_local_evento` int(11) DEFAULT NULL,`data_realizacao` date NOT NULL,`horario_inicio` time DEFAULT NULL,`horario_fim` time DEFAULT NULL,`feedback_positivo` text DEFAULT NULL,`feedback_melhoria` text DEFAULT NULL,`contrato_aprendizagem` text DEFAULT NULL,`status_avaliacao` enum('RASCUNHO','FINALIZADA','CANCELADA') DEFAULT 'RASCUNHO',`data_criacao` timestamp NOT NULL DEFAULT current_timestamp(),`data_atualizacao` timestamp NOT NULL DEFAULT current_timestamp() ON UPDATE current_timestamp(),`local_realizacao` varchar(255) DEFAULT NULL,`nome_avaliador_nao_usuario` varchar(100) DEFAULT NULL,`tipo_avaliador_nao_usuario` varchar(50) DEFAULT NULL) ENGINE=InnoDB DEFAULT CHARSET=utf8mb4 COLLATE=utf8mb4_unicode_ci;
CREATE TABLE `competencias_questionario` (`id_competencia_questionario` int(11) NOT NULL,`id_questionario` int(11) NOT NULL,`nome_competencia` varchar(255) NOT NULL,`tipo_item` enum('escala_numerica','texto_livre','multipla_escolha','checkbox') DEFAULT 'escala_numerica',`descricao_prompt` text DEFAULT NULL,`ordem_exibicao` int(11) DEFAULT 0,`obrigatorio` tinyint(1) DEFAULT 1,`ativo` tinyint(1) DEFAULT 1,`data_criacao` timestamp NOT NULL DEFAULT current_timestamp(),`data_atualizacao` timestamp NOT NULL DEFAULT current_timestamp() ON UPDATE current_timestamp()) ENGINE=InnoDB DEFAULT CHARSET=utf8mb4 COLLATE=utf8mb4_unicode_ci;
CREATE TABLE `disciplinas` (`id_disciplina` int(11) NOT NULL,`nome_disciplina` varchar(255) NOT NULL,`codigo_disciplina` varchar(20) NOT NULL,`descricao` text DEFAULT NULL,`carga_horaria` int(11) DEFAULT 0,`ativo` tinyint(1) DEFAULT 1,`data_criacao` timestamp NOT NULL DEFAULT current_timestamp(),`data_atualizacao` timestamp NOT NULL DEFAULT current_timestamp() ON UPDATE current_timestamp(),`ativa` bit(1) NOT NULL,`sigla_disciplina` varchar(10) DEFAULT NULL) ENGINE=InnoDB DEFAULT CHARSET=utf8mb4 COLLATE=utf8mb4_unicode_ci;
CREATE TABLE `disciplinas_turmas` (`id_disciplina_turma` int(11) NOT NULL,`id_disciplina` int(11) NOT NULL,`id_turma` int(11) NOT NULL,`id_professor` int(11) DEFAULT NULL,`data_vinculacao` timestamp NOT NULL DEFAULT current_timestamp(),`ativo` tinyint(1) DEFAULT 1) ENGINE=InnoDB DEFAULT CHARSET=utf8mb4 COLLATE=utf8mb4_unicode_ci;
CREATE TABLE `eventos_agenda` (`id_evento` int(11) NOT NULL,`titulo` varchar(255) NOT NULL,`descricao` text DEFAULT NULL,`data_inicio` datetime NOT NULL,`data_fim` datetime DEFAULT NULL,`id_local_evento` int(11) DEFAULT NULL,`id_disciplina` int(11) DEFAULT NULL,`id_turma` int(11) DEFAULT NULL,`id_responsavel` int(11) DEFAULT NULL,`tipo_evento` enum('AULA','PROVA','SEMINARIO','AVALIACAO','REUNIAO','EVENTO') DEFAULT 'AULA',`status_evento` enum('AGENDADO','EM_ANDAMENTO','CONCLUIDO','CANCELADO') DEFAULT 'AGENDADO',`data_criacao` timestamp NOT NULL DEFAULT current_timestamp(),`data_atualizacao` timestamp NOT NULL DEFAULT current_timestamp() ON UPDATE current_timestamp()) ENGINE=InnoDB DEFAULT CHARSET=utf8mb4 COLLATE=utf8mb4_unicode_ci;
CREATE TABLE `locais_eventos` (`id_local_evento` int(11) NOT NULL,`nome_local` varchar(255) NOT NULL,`descricao` text DEFAULT NULL,`endereco` varchar(500) DEFAULT NULL,`capacidade` int(11) DEFAULT 0,`ativo` tinyint(1) DEFAULT 1,`data_criacao` timestamp NOT NULL DEFAULT current_timestamp(),`data_atualizacao` timestamp NOT NULL DEFAULT current_timestamp() ON UPDATE current_timestamp(),`cidade` varchar(100) NOT NULL,`estado` varchar(2) NOT NULL,`tipo_local` varchar(100) NOT NULL) ENGINE=InnoDB DEFAULT CHARSET=utf8mb4 COLLATE=utf8mb4_unicode_ci;
CREATE TABLE `log_acoes` (`id_log` int(11) NOT NULL,`id_usuario` int(11) DEFAULT NULL,`acao` varchar(100) NOT NULL,`tabela_afetada` varchar(100) DEFAULT NULL,`id_registro_afetado` int(11) DEFAULT NULL,`dados_anteriores` longtext CHARACTER SET utf8mb4 COLLATE utf8mb4_bin DEFAULT NULL CHECK (json_valid(`dados_anteriores`)),`dados_novos` longtext CHARACTER SET utf8mb4 COLLATE utf8mb4_bin DEFAULT NULL CHECK (json_valid(`dados_novos`)),`ip_usuario` varchar(45) DEFAULT NULL,`user_agent` text DEFAULT NULL,`data_acao` timestamp NOT NULL DEFAULT current_timestamp()) ENGINE=InnoDB DEFAULT CHARSET=utf8mb4 COLLATE=utf8mb4_unicode_ci;
CREATE TABLE `participantes_eventos` (`id_participante_evento` int(11) NOT NULL,`id_evento` int(11) NOT NULL,`id_usuario` int(11) NOT NULL,`papel_participante` enum('ORGANIZADOR','PARTICIPANTE','CONVIDADO') DEFAULT 'PARTICIPANTE',`confirmado` tinyint(1) DEFAULT 0,`data_confirmacao` timestamp NULL DEFAULT NULL,`observacoes` text DEFAULT NULL,`data_criacao` timestamp NOT NULL DEFAULT current_timestamp()) ENGINE=InnoDB DEFAULT CHARSET=utf8mb4 COLLATE=utf8mb4_unicode_ci;
CREATE TABLE `permissoes` (`id_permissao` int(11) NOT NULL,`nome_permissao` varchar(100) NOT NULL,`descricao` text DEFAULT NULL,`ativo` tinyint(1) DEFAULT 1,`data_criacao` timestamp NOT NULL DEFAULT current_timestamp(),`data_atualizacao` timestamp NOT NULL DEFAULT current_timestamp() ON UPDATE current_timestamp(),`descricao_permissao` text DEFAULT NULL) ENGINE=InnoDB DEFAULT CHARSET=utf8mb4 COLLATE=utf8mb4_unicode_ci;
CREATE TABLE `questionarios` (`id_questionario` int(11) NOT NULL,`nome_modelo` varchar(255) NOT NULL,`descricao` text DEFAULT NULL,`tipo_avaliacao` enum('MINI_CEX','AVALIACAO_360_PROFESSOR','AVALIACAO_360_PARES','AVALIACAO_360_EQUIPE','AVALIACAO_360_PACIENTE') NOT NULL,`ativo` tinyint(1) DEFAULT 1,`data_criacao` timestamp NOT NULL DEFAULT current_timestamp(),`data_atualizacao` timestamp NOT NULL DEFAULT current_timestamp() ON UPDATE current_timestamp()) ENGINE=InnoDB DEFAULT CHARSET=utf8mb4 COLLATE=utf8mb4_unicode_ci;
CREATE TABLE `respostas_itens_avaliacao` (`id_resposta_avaliacao` int(11) NOT NULL,`id_avaliacao_preenchida` int(11) NOT NULL,`id_competencia_questionario` int(11) NOT NULL,`resposta_valor_numerico` decimal(4,1) DEFAULT NULL,`resposta_texto` text DEFAULT NULL,`resposta_multipla_escolha` varchar(255) DEFAULT NULL,`nao_avaliado` tinyint(1) DEFAULT 0,`data_criacao` timestamp NOT NULL DEFAULT current_timestamp(),`data_atualizacao` timestamp NOT NULL DEFAULT current_timestamp() ON UPDATE current_timestamp()) ENGINE=InnoDB DEFAULT CHARSET=utf8mb4 COLLATE=utf8mb4_unicode_ci;
CREATE TABLE `turmas` (`id_turma` int(11) NOT NULL,`nome_turma` varchar(255) NOT NULL,`ano_letivo` int(4) NOT NULL,`semestre` int(11) NOT NULL CHECK (`semestre` in (1,2)),`data_inicio` date DEFAULT NULL,`data_fim` date DEFAULT NULL,`ativo` tinyint(1) DEFAULT 1,`data_criacao` timestamp NOT NULL DEFAULT current_timestamp(),`data_atualizacao` timestamp NOT NULL DEFAULT current_timestamp() ON UPDATE current_timestamp(),`codigo_turma` varchar(50) DEFAULT NULL) ENGINE=InnoDB DEFAULT CHARSET=utf8mb4 COLLATE=utf8mb4_unicode_ci;
CREATE TABLE `usuarios` (`id_usuario` int(11) NOT NULL,`nome_completo` varchar(255) NOT NULL,`email` varchar(255) NOT NULL,`senha_hash` varchar(255) NOT NULL,`tipo_usuario` enum('ESTUDANTE','PROFESSOR','COORDENADOR','ADMINISTRADOR') NOT NULL,`matricula_RA` varchar(50) DEFAULT NULL,`telefone` varchar(20) DEFAULT NULL,`foto_perfil_path` varchar(500) DEFAULT NULL,`ativo` tinyint(1) DEFAULT 1,`periodo_atual_aluno` varchar(2) DEFAULT NULL,`observacoes_gerais_aluno` text DEFAULT NULL,`id_permissao` int(11) DEFAULT NULL,`data_criacao` timestamp NOT NULL DEFAULT current_timestamp(),`data_atualizacao` timestamp NOT NULL DEFAULT current_timestamp() ON UPDATE current_timestamp()) ENGINE=InnoDB DEFAULT CHARSET=utf8mb4 COLLATE=utf8mb4_unicode_ci;
CREATE TABLE `usuarios_permissoes` (`id_usuario_permissao` int(11) NOT NULL,`id_usuario` int(11) NOT NULL,`id_permissao` int(11) NOT NULL,`data_atribuicao` timestamp NOT NULL DEFAULT current_timestamp()) ENGINE=InnoDB DEFAULT CHARSET=utf8mb4 COLLATE=utf8mb4_unicode_ci;
CREATE TABLE `usuarios_turmas` (`id_usuario_turma` int(11) NOT NULL,`id_usuario` int(11) NOT NULL,`id_turma` int(11) NOT NULL,`papel` enum('ESTUDANTE','PROFESSOR','MONITOR') NOT NULL,`data_vinculacao` timestamp NOT NULL DEFAULT current_timestamp(),`ativo` tinyint(1) DEFAULT 1) ENGINE=InnoDB DEFAULT CHARSET=utf8mb4 COLLATE=utf8mb4_unicode_ci;

CREATE TABLE `notas` (
  `id_nota` int(11) NOT NULL AUTO_INCREMENT,
  `id_aluno` int(11) NOT NULL,
  `id_disciplina` int(11) NOT NULL,
  `id_turma` int(11) DEFAULT NULL,
  `id_professor` int(11) DEFAULT NULL,
  `valor_nota` decimal(4,2) NOT NULL,
  `peso_nota` decimal(4,2) DEFAULT 1.00,
  `tipo_avaliacao` enum('PROVA','TRABALHO','SEMINARIO','PRATICA','PARTICIPACAO','PROJETO','ESTAGIO','OUTROS') NOT NULL,
  `descricao_avaliacao` varchar(500) DEFAULT NULL,
  `data_avaliacao` date NOT NULL,
  `data_lancamento` date NOT NULL DEFAULT (curdate()),
  `observacoes` text DEFAULT NULL,
  `ativo` tinyint(1) NOT NULL DEFAULT 1,
  `data_criacao` timestamp NOT NULL DEFAULT current_timestamp(),
  `data_atualizacao` timestamp NOT NULL DEFAULT current_timestamp() ON UPDATE current_timestamp(),
  PRIMARY KEY (`id_nota`)
) ENGINE=InnoDB DEFAULT CHARSET=utf8mb4 COLLATE=utf8mb4_unicode_ci;

-- --------------------------------------------------------
-- ETAPA 3: INSERÇÃO DOS DADOS
-- --------------------------------------------------------
START TRANSACTION;

INSERT INTO `permissoes` (`id_permissao`, `nome_permissao`, `descricao`) VALUES (1, 'ADMIN_TOTAL', 'Acesso total ao sistema - todas as funcionalidades'),(2, 'GERENCIAR_USUARIOS', 'Criar, editar e excluir usuários'),(3, 'GERENCIAR_AVALIACOES', 'Criar, editar e excluir avaliações'),(4, 'VISUALIZAR_RELATORIOS', 'Visualizar relatórios e estatísticas'),(5, 'CRIAR_AVALIACOES', 'Criar novas avaliações'),(6, 'EDITAR_AVALIACOES_PROPRIAS', 'Editar apenas suas próprias avaliações'),(7, 'VISUALIZAR_AVALIACOES_PROPRIAS', 'Visualizar apenas suas próprias avaliações'),(8, 'GERENCIAR_DISCIPLINAS', 'Gerenciar disciplinas e turmas'),(9, 'GERENCIAR_AGENDA', 'Gerenciar eventos da agenda'),(10, 'VISUALIZAR_AGENDA', 'Visualizar eventos da agenda'),(11, 'AVALIAR_ESTUDANTES', 'Realizar avaliações de estudantes'),(12, 'SER_AVALIADO', 'Ser avaliado por outros usuários');
INSERT INTO `disciplinas` (`id_disciplina`, `nome_disciplina`, `codigo_disciplina`, `descricao`, `carga_horaria`, `ativa`) VALUES (1, 'Anatomia Humana I', 'MED101', 'Estudo da anatomia básica do corpo humano', 120, b'0'),(2, 'Fisiologia Humana I', 'MED102', 'Estudo das funções básicas do organismo', 100, b'0'),(3, 'Histologia e Embriologia', 'MED103', 'Estudo dos tecidos e desenvolvimento embrionário', 80, b'0'),(4, 'Bioquímica Médica', 'MED104', 'Bioquímica aplicada à medicina', 90, b'0'),(5, 'Patologia Geral', 'MED201', 'Estudo das doenças e processos patológicos', 110, b'0'),(6, 'Farmacologia Básica', 'MED202', 'Princípios básicos da farmacologia', 85, b'0'),(7, 'Microbiologia e Imunologia', 'MED203', 'Estudo de microorganismos e sistema imune', 95, b'0'),(8, 'Semiologia Médica', 'MED301', 'Técnicas de exame clínico e diagnóstico', 130, b'0'),(9, 'Clínica Médica I', 'MED302', 'Prática clínica em medicina interna', 140, b'0'),(10, 'Cirurgia Geral I', 'MED303', 'Princípios básicos de cirurgia', 120, b'0'),(11, 'Pediatria I', 'MED401', 'Medicina pediátrica básica', 100, b'0'),(12, 'Ginecologia e Obstetrícia I', 'MED402', 'Medicina da mulher - básico', 110, b'0'),(13, 'Medicina de Família e Comunidade', 'MED403', 'Atenção primária à saúde', 90, b'0'),(14, 'Internato em Clínica Médica', 'MED501', 'Estágio supervisionado em clínica médica', 200, b'0'),(15, 'Internato em Cirurgia', 'MED502', 'Estágio supervisionado em cirurgia', 200, b'0');
INSERT INTO `turmas` (`id_turma`, `nome_turma`, `ano_letivo`, `semestre`, `data_inicio`, `data_fim`) VALUES (1, '3º Período - Turma A', '2025', 1, '2025-02-01', '2025-06-30'),(2, '3º Período - Turma B', '2025', 1, '2025-02-01', '2025-06-30'),(3, '5º Período - Turma A', '2025', 1, '2025-02-01', '2025-06-30'),(4, '5º Período - Turma B', '2025', 1, '2025-02-01', '2025-06-30'),(5, '7º Período - Turma A', '2025', 1, '2025-02-01', '2025-06-30'),(6, '7º Período - Turma B', '2025', 1, '2025-02-01', '2025-06-30'),(7, '9º Período - Turma A', '2025', 1, '2025-02-01', '2025-06-30'),(8, '9º Período - Turma B', '2025', 1, '2025-02-01', '2025-06-30'),(9, '11º Período - Turma A', '2025', 1, '2025-02-01', '2025-06-30'),(10, '11º Período - Turma B', '2025', 1, '2025-02-01', '2025-06-30');
INSERT INTO `locais_eventos` (`id_local_evento`, `nome_local`, `descricao`, `endereco`, `capacidade`) VALUES (1, 'Hospital Universitário - Enfermaria A', 'Enfermaria para atividades práticas', 'Ala Norte, 2º andar', 20),(2, 'Hospital Universitário - Enfermaria B', 'Enfermaria para atividades práticas', 'Ala Sul, 2º andar', 20),(3, 'Hospital Universitário - UTI', 'Unidade de Terapia Intensiva', 'Ala Central, 3º andar', 10),(4, 'Hospital Universitário - Pronto Socorro', 'Setor de emergência', 'Térreo, Ala Oeste', 15),(5, 'Hospital Universitário - Centro Cirúrgico', 'Salas de cirurgia', 'Ala Norte, 4º andar', 8),(6, 'Ambulatório de Clínica Médica', 'Consultórios de clínica geral', 'Bloco B, 1º andar', 25),(7, 'Ambulatório de Pediatria', 'Consultórios pediátricos', 'Bloco C, 1º andar', 20),(8, 'Ambulatório de Ginecologia', 'Consultórios ginecológicos', 'Bloco C, 2º andar', 18),(9, 'Laboratório de Anatomia', 'Laboratório para aulas práticas', 'Bloco A, Subsolo', 40),(10, 'Laboratório de Histologia', 'Laboratório de microscopia', 'Bloco A, 1º andar', 30),(11, 'Sala de Simulação Clínica', 'Ambiente simulado para treinamento', 'Bloco D, 2º andar', 12),(12, 'Auditório Principal', 'Auditório para palestras e eventos', 'Bloco Central, Térreo', 200),(13, 'Sala de Reuniões - Coordenação', 'Sala para reuniões administrativas', 'Bloco Administrativo, 3º andar', 15),(14, 'UBS Vila Nova', 'Unidade Básica de Saúde parceira', 'Rua das Flores, 123 - Vila Nova', 30),(15, 'Hospital Parceiro São José', 'Hospital conveniado para estágios', 'Av. Principal, 456 - Centro', 50);
INSERT INTO `questionarios` (`id_questionario`, `nome_modelo`, `descricao`, `tipo_avaliacao`) VALUES (1, 'Mini Clinical Evaluation Exercise (Mini-CEX)', 'Avaliação clínica estruturada para competências médicas básicas', 'MINI_CEX'),(2, 'Avaliação 360° - Professor/Preceptor', 'Avaliação formativa realizada por professores e preceptores', 'AVALIACAO_360_PROFESSOR'),(3, 'Avaliação 360° - Pares', 'Avaliação formativa realizada por colegas estudantes', 'AVALIACAO_360_PARES'),(4, 'Avaliação 360° - Equipe de Saúde', 'Avaliação formativa realizada pela equipe multiprofissional', 'AVALIACAO_360_EQUIPE'),(5, 'Avaliação 360° - Paciente/Família', 'Avaliação formativa realizada por pacientes e familiares', 'AVALIACAO_360_PACIENTE');
INSERT INTO `usuarios` (`id_usuario`, `nome_completo`, `email`, `senha_hash`, `tipo_usuario`, `matricula_RA`, `telefone`, `periodo_atual_aluno`, `id_permissao`) VALUES (1, 'Dr. Carlos Eduardo Silva', 'admin@unifae.br', '$2b$12$LQv3c1yqBwlVHpPjrxHCLe4cSBY6k9UYd7tn8CdHllUyqCdMf.ZWG', 'ADMINISTRADOR', 'ADM001', '(11) 99999-0001', NULL, 1),(2, 'Dra. Maria Fernanda Costa', 'admin2@unifae.br', '$2b$12$LQv3c1yqBwlVHpPjrxHCLe4cSBY6k9UYd7tn8CdHllUyqCdMf.ZWG', 'ADMINISTRADOR', 'ADM002', '(11) 99999-0002', NULL, 1),(3, 'Dr. Roberto Mendes', 'coordenador@unifae.br', '$2b$12$LQv3c1yqBwlVHpPjrxHCLe4cSBY6k9UYd7tn8CdHllUyqCdMf.ZWG', 'COORDENADOR', 'COORD001', '(11) 99999-0003', NULL, 4),(4, 'Dra. Ana Paula Santos', 'coordenadora2@unifae.br', '$2b$12$LQv3c1yqBwlVHpPjrxHCLe4cSBY6k9UYd7tn8CdHllUyqCdMf.ZWG', 'COORDENADOR', 'COORD002', '(11) 99999-0004', NULL, 4),(5, 'Dr. João Carlos Oliveira', 'joao.oliveira@unifae.br', '$2b$12$LQv3c1yqBwlVHpPjrxHCLe4cSBY6k9UYd7tn8CdHllUyqCdMf.ZWG', 'PROFESSOR', 'PROF001', '(11) 99999-0005', NULL, 11),(6, 'Dra. Mariana Rodrigues', 'mariana.rodrigues@unifae.br', '$2b$12$LQv3c1yqBwlVHpPjrxHCLe4cSBY6k9UYd7tn8CdHllUyqCdMf.ZWG', 'PROFESSOR', 'PROF002', '(11) 99999-0006', NULL, 11),(7, 'Dr. Pedro Henrique Lima', 'pedro.lima@unifae.br', '$2b$12$LQv3c1yqBwlVHpPjrxHCLe4cSBY6k9UYd7tn8CdHllUyqCdMf.ZWG', 'PROFESSOR', 'PROF003', '(11) 99999-0007', NULL, 11),(8, 'Dra. Fernanda Alves', 'fernanda.alves@unifae.br', '$2b$12$LQv3c1yqBwlVHpPjrxHCLe4cSBY6k9UYd7tn8CdHllUyqCdMf.ZWG', 'PROFESSOR', 'PROF004', '(11) 99999-0008', NULL, 11),(9, 'Dr. Ricardo Barbosa', 'ricardo.barbosa@unifae.br', '$2b$12$LQv3c1yqBwlVHpPjrxHCLe4cSBY6k9UYd7tn8CdHllUyqCdMf.ZWG', 'PROFESSOR', 'PROF005', '(11) 99999-0009', NULL, 11),(10, 'Dra. Juliana Ferreira', 'juliana.ferreira@unifae.br', '$2b$12$LQv3c1yqBwlVHpPjrxHCLe4cSBY6k9UYd7tn8CdHllUyqCdMf.ZWG', 'PROFESSOR', 'PROF006', '(11) 99999-0010', NULL, 11),(11, 'Lucas Gabriel Santos', 'lucas.santos@aluno.unifae.br', '$2b$12$LQv3c1yqBwlVHpPjrxHCLe4cSBY6k9UYd7tn8CdHllUyqCdMf.ZWG', 'ESTUDANTE', 'RA001001', '(11) 99999-1001', '3', 12),(12, 'Ana Carolina Silva', 'ana.silva@aluno.unifae.br', '$2b$12$LQv3c1yqBwlVHpPjrxHCLe4cSBY6k9UYd7tn8CdHllUyqCdMf.ZWG', 'ESTUDANTE', 'RA001002', '(11) 99999-1002', '3', 12),(13, 'Felipe Augusto Costa', 'felipe.costa@aluno.unifae.br', '$2b$12$LQv3c1yqBwlVHpPjrxHCLe4cSBY6k9UYd7tn8CdHllUyqCdMf.ZWG', 'ESTUDANTE', 'RA001003', '(11) 99999-1003', '3', 12),(14, 'Beatriz Oliveira Lima', 'beatriz.lima@aluno.unifae.br', '$2b$12$LQv3c1yqBwlVHpPjrxHCLe4cSBY6k9UYd7tn8CdHllUyqCdMf.ZWG', 'ESTUDANTE', 'RA001004', '(11) 99999-1004', '3', 12),(15, 'Matheus Henrique Souza', 'matheus.souza@aluno.unifae.br', '$2b$12$LQv3c1yqBwlVHpPjrxHCLe4cSBY6k9UYd7tn8CdHllUyqCdMf.ZWG', 'ESTUDANTE', 'RA001005', '(11) 99999-1005', '3', 12),(16, 'Gabriela Fernandes', 'gabriela.fernandes@aluno.unifae.br', '$2b$12$LQv3c1yqBwlVHpPjrxHCLe4cSBY6k9UYd7tn8CdHllUyqCdMf.ZWG', 'ESTUDANTE', 'RA001006', '(11) 99999-1006', '3', 12),(17, 'Rafael Pereira Santos', 'rafael.santos@aluno.unifae.br', '$2b$12$LQv3c1yqBwlVHpPjrxHCLe4cSBY6k9UYd7tn8CdHllUyqCdMf.ZWG', 'ESTUDANTE', 'RA001007', '(11) 99999-1007', '3', 12),(18, 'Camila Rodrigues', 'camila.rodrigues@aluno.unifae.br', '$2b$12$LQv3c1yqBwlVHpPjrxHCLe4cSBY6k9UYd7tn8CdHllUyqCdMf.ZWG', 'ESTUDANTE', 'RA001008', '(11) 99999-1008', '3', 12),(19, 'Thiago Almeida', 'thiago.almeida@aluno.unifae.br', '$2b$12$LQv3c1yqBwlVHpPjrxHCLe4cSBY6k9UYd7tn8CdHllUyqCdMf.ZWG', 'ESTUDANTE', 'RA001009', '(11) 99999-1009', '3', 12),(20, 'Larissa Martins', 'larissa.martins@aluno.unifae.br', '$2b$12$LQv3c1yqBwlVHpPjrxHCLe4cSBY6k9UYd7tn8CdHllUyqCdMf.ZWG', 'ESTUDANTE', 'RA001010', '(11) 99999-1010', '3', 12),(21, 'Eduardo Silva Neto', 'eduardo.neto@aluno.unifae.br', '$2b$12$LQv3c1yqBwlVHpPjrxHCLe4cSBY6k9UYd7tn8CdHllUyqCdMf.ZWG', 'ESTUDANTE', 'RA002001', '(11) 99999-2001', '5', 12),(22, 'Isabela Costa Santos', 'isabela.santos@aluno.unifae.br', '$2b$12$LQv3c1yqBwlVHpPjrxHCLe4cSBY6k9UYd7tn8CdHllUyqCdMf.ZWG', 'ESTUDANTE', 'RA002002', '(11) 99999-2002', '5', 12),(23, 'Vinícius Oliveira', 'vinicius.oliveira@aluno.unifae.br', '$2b$12$LQv3c1yqBwlVHpPjrxHCLe4cSBY6k9UYd7tn8CdHllUyqCdMf.ZWG', 'ESTUDANTE', 'RA002003', '(11) 99999-2003', '5', 12),(24, 'Natália Ferreira', 'natalia.ferreira@aluno.unifae.br', '$2b$12$LQv3c1yqBwlVHpPjrxHCLe4cSBY6k9UYd7tn8CdHllUyqCdMf.ZWG', 'ESTUDANTE', 'RA002004', '(11) 99999-2004', '5', 12),(25, 'Bruno Henrique Lima', 'bruno.lima@aluno.unifae.br', '$2b$12$LQv3c1yqBwlVHpPjrxHCLe4cSBY6k9UYd7tn8CdHllUyqCdMf.ZWG', 'ESTUDANTE', 'RA002005', '(11) 99999-2005', '5', 12),(26, 'Amanda Ribeiro', 'amanda.ribeiro@aluno.unifae.br', '$2b$12$LQv3c1yqBwlVHpPjrxHCLe4cSBY6k9UYd7tn8CdHllUyqCdMf.ZWG', 'ESTUDANTE', 'RA003001', '(11) 99999-3001', '7', 12),(27, 'Gustavo Barbosa', 'gustavo.barbosa@aluno.unifae.br', '$2b$12$LQv3c1yqBwlVHpPjrxHCLe4cSBY6k9UYd7tn8CdHllUyqCdMf.ZWG', 'ESTUDANTE', 'RA003002', '(11) 99999-3002', '7', 12),(28, 'Priscila Alves', 'priscila.alves@aluno.unifae.br', '$2b$12$LQv3c1yqBwlVHpPjrxHCLe4cSBY6k9UYd7tn8CdHllUyqCdMf.ZWG', 'ESTUDANTE', 'RA003003', '(11) 99999-3003', '7', 12),(29, 'Rodrigo Mendes', 'rodrigo.mendes@aluno.unifae.br', '$2b$12$LQv3c1yqBwlVHpPjrxHCLe4cSBY6k9UYd7tn8CdHllUyqCdMf.ZWG', 'ESTUDANTE', 'RA003004', '(11) 99999-3004', '7', 12),(30, 'Carolina Dias', 'carolina.dias@aluno.unifae.br', '$2b$12$LQv3c1yqBwlVHpPjrxHCLe4cSBY6k9UYd7tn8CdHllUyqCdMf.ZWG', 'ESTUDANTE', 'RA003005', '(11) 99999-3005', '7', 12),(31, 'Usuário Teste', 'teste@unifae.br', '$2b$12$LQv3c1yqBwlVHpPjrxHCLe4cSBY6k9UYd7tn8CdHllUyqCdMf.ZWG', 'ADMINISTRADOR', 'TESTE001', '(11) 99999-9999', NULL, 1);
INSERT INTO `competencias_questionario` (`id_competencia_questionario`, `id_questionario`, `nome_competencia`, `tipo_item`, `descricao_prompt`, `ordem_exibicao`) VALUES (1, 1, 'Entrevista médica', 'escala_numerica', 'Avalie a capacidade de conduzir entrevista médica', 1),(2, 1, 'Exame físico', 'escala_numerica', 'Avalie a técnica e sistematização do exame físico', 2),(3, 1, 'Profissionalismo', 'escala_numerica', 'Avalie o comportamento profissional e ético', 3),(4, 1, 'Julgamento clínico', 'escala_numerica', 'Avalie a capacidade de raciocínio clínico', 4),(5, 1, 'Habilidade de comunicação', 'escala_numerica', 'Avalie a comunicação com paciente e equipe', 5),(6, 1, 'Organização e eficiência', 'escala_numerica', 'Avalie a organização e uso eficiente do tempo', 6),(7, 1, 'Avaliação clínica geral', 'escala_numerica', 'Avaliação geral da competência clínica', 7),(8, 2, 'Entrevista médica', 'escala_numerica', 'Avalie a capacidade de conduzir entrevista médica', 1),(9, 2, 'Exame físico', 'escala_numerica', 'Avalie a técnica e sistematização do exame físico', 2),(10, 2, 'Profissionalismo', 'escala_numerica', 'Avalie o comportamento profissional e ético', 3),(11, 2, 'Julgamento clínico', 'escala_numerica', 'Avalie a capacidade de raciocínio clínico', 4),(12, 2, 'Habilidade de comunicação', 'escala_numerica', 'Avalie a comunicação com paciente e equipe', 5),(13, 2, 'Organização e eficiência', 'escala_numerica', 'Avalie a organização e uso eficiente do tempo', 6),(14, 2, 'Avaliação clínica geral', 'escala_numerica', 'Avaliação geral da competência clínica', 7),(15, 3, 'Anamnese', 'escala_numerica', 'Avalie a capacidade de realizar anamnese completa', 1),(16, 3, 'Exame físico', 'escala_numerica', 'Avalie a técnica e sistematização do exame físico', 2),(17, 3, 'Raciocínio clínico', 'escala_numerica', 'Avalie a capacidade de raciocínio e diagnóstico', 3),(18, 3, 'Profissionalismo', 'escala_numerica', 'Avalie o comportamento profissional e ético', 4),(19, 3, 'Comunicação', 'escala_numerica', 'Avalie a comunicação interpessoal', 5),(20, 3, 'Organização e eficiência', 'escala_numerica', 'Avalie a organização e gestão do tempo', 6),(21, 3, 'Competência profissional global', 'escala_numerica', 'Avaliação geral da competência profissional', 7),(22, 3, 'Atitude de compaixão e respeito', 'escala_numerica', 'Avalie a demonstração de compaixão e respeito', 8),(23, 3, 'Abordagem suave e sensível ao paciente', 'escala_numerica', 'Avalie a sensibilidade no atendimento', 9),(24, 3, 'Comunicação e interação respeitosa com a equipe', 'escala_numerica', 'Avalie o relacionamento com a equipe', 10),(25, 4, 'Colaboração em equipe', 'escala_numerica', 'Avalie a capacidade de trabalhar em equipe', 1),(26, 4, 'Comunicação interprofissional', 'escala_numerica', 'Avalie a comunicação com diferentes profissionais', 2),(27, 4, 'Respeito mútuo', 'escala_numerica', 'Avalie o respeito demonstrado aos colegas', 3),(28, 4, 'Responsabilidade compartilhada', 'escala_numerica', 'Avalie o senso de responsabilidade compartilhada', 4),(29, 4, 'Liderança situacional', 'escala_numerica', 'Avalie a capacidade de liderança quando necessário', 5),(30, 4, 'Resolução de conflitos', 'escala_numerica', 'Avalie a habilidade para resolver conflitos', 6),(31, 4, 'Empatia profissional', 'escala_numerica', 'Avalie a demonstração de empatia no trabalho', 7),(32, 4, 'Ética no trabalho em equipe', 'escala_numerica', 'Avalie o comportamento ético na equipe', 8),(33, 4, 'Flexibilidade e adaptação', 'escala_numerica', 'Avalie a capacidade de adaptação a mudanças', 9),(34, 4, 'Contribuição para o ambiente de trabalho', 'escala_numerica', 'Avalie a contribuição para um ambiente positivo', 10),(35, 5, 'Cortesia e educação', 'escala_numerica', 'Avalie a cortesia e educação no atendimento', 1),(36, 5, 'Clareza na comunicação', 'escala_numerica', 'Avalie a clareza das explicações fornecidas', 2),(37, 5, 'Demonstração de interesse', 'escala_numerica', 'Avalie o interesse demonstrado pelo paciente', 3),(38, 5, 'Respeito à privacidade', 'escala_numerica', 'Avalie o respeito à privacidade e confidencialidade', 4),(39, 5, 'Tempo dedicado', 'escala_numerica', 'Avalie se o tempo dedicado foi adequado', 5),(40, 5, 'Capacidade de tranquilizar', 'escala_numerica', 'Avalie a capacidade de tranquilizar e acalmar', 6),(41, 5, 'Explicação sobre procedimentos', 'escala_numerica', 'Avalie a qualidade das explicações sobre procedimentos', 7),(42, 5, 'Envolvimento na tomada de decisão', 'escala_numerica', 'Avalie o envolvimento do paciente nas decisões', 8),(43, 5, 'Demonstração de cuidado', 'escala_numerica', 'Avalie a demonstração de cuidado e preocupação', 9),(44, 5, 'Satisfação geral', 'escala_numerica', 'Avaliação geral da satisfação com o atendimento', 10);
INSERT INTO `eventos_agenda` (`id_evento`, `titulo`, `descricao`, `data_inicio`, `data_fim`, `id_local_evento`, `id_disciplina`, `id_turma`, `id_responsavel`, `tipo_evento`, `status_evento`) VALUES (1, 'Aula Prática - Semiologia', 'Aula prática de exame físico cardiovascular', '2025-08-27 08:00:00', '2025-08-27 10:00:00', 6, 8, 1, 5, 'AULA', 'AGENDADO'),(2, 'Seminário - Casos Clínicos', 'Apresentação de casos clínicos pelos estudantes', '2025-08-27 14:00:00', '2025-08-27 16:00:00', 12, 9, 3, 9, 'SEMINARIO', 'AGENDADO'),(3, 'Avaliação Prática - Mini-CEX', 'Avaliações práticas individuais', '2025-08-28 08:00:00', '2025-08-28 12:00:00', 6, 8, 1, 5, 'AVALIACAO', 'AGENDADO'),(4, 'Reunião de Coordenação', 'Reunião mensal da coordenação do curso', '2025-08-28 14:00:00', '2025-08-28 16:00:00', 13, NULL, NULL, 3, 'REUNIAO', 'AGENDADO'),(5, 'Estágio - Clínica Médica', 'Estágio supervisionado na enfermaria', '2025-08-29 07:00:00', '2025-08-29 17:00:00', 1, 9, 3, 9, 'AULA', 'AGENDADO'),(6, 'Palestra - Ética Médica', 'Palestra sobre ética e bioética médica', '2025-08-30 19:00:00', '2025-08-30 21:00:00', 12, NULL, NULL, 10, 'EVENTO', 'AGENDADO');
INSERT INTO `disciplinas_turmas` (`id_disciplina_turma`, `id_disciplina`, `id_turma`, `id_professor`) VALUES (1, 1, 1, 5),(2, 2, 1, 6),(3, 3, 1, 7),(4, 1, 2, 5),(5, 2, 2, 6),(6, 3, 2, 8),(7, 5, 3, 9),(8, 6, 3, 10),(9, 7, 3, 5),(10, 5, 4, 9),(11, 6, 4, 10),(12, 7, 4, 6),(13, 8, 5, 7),(14, 9, 5, 8),(15, 10, 5, 9),(16, 8, 6, 7),(17, 9, 6, 8),(18, 10, 6, 10);
INSERT INTO `usuarios_turmas` (`id_usuario_turma`, `id_usuario`, `id_turma`, `papel`) VALUES (1, 11, 1, 'ESTUDANTE'),(2, 12, 1, 'ESTUDANTE'),(3, 13, 1, 'ESTUDANTE'),(4, 14, 1, 'ESTUDANTE'),(5, 15, 1, 'ESTUDANTE'),(6, 5, 1, 'PROFESSOR'),(7, 6, 1, 'PROFESSOR'),(8, 16, 2, 'ESTUDANTE'),(9, 17, 2, 'ESTUDANTE'),(10, 18, 2, 'ESTUDANTE'),(11, 19, 2, 'ESTUDANTE'),(12, 20, 2, 'ESTUDANTE'),(13, 7, 2, 'PROFESSOR'),(14, 8, 2, 'PROFESSOR'),(15, 21, 3, 'ESTUDANTE'),(16, 22, 3, 'ESTUDANTE'),(17, 23, 3, 'ESTUDANTE'),(18, 9, 3, 'PROFESSOR'),(19, 10, 3, 'PROFESSOR'),(20, 24, 4, 'ESTUDANTE'),(21, 25, 4, 'ESTUDANTE'),(22, 5, 4, 'PROFESSOR'),(23, 6, 4, 'PROFESSOR'),(24, 26, 5, 'ESTUDANTE'),(25, 27, 5, 'ESTUDANTE'),(26, 28, 5, 'ESTUDANTE'),(27, 7, 5, 'PROFESSOR'),(28, 8, 5, 'PROFESSOR'),(29, 29, 6, 'ESTUDANTE'),(30, 30, 6, 'ESTUDANTE'),(31, 9, 6, 'PROFESSOR'),(32, 10, 6, 'PROFESSOR');
INSERT INTO `agenda_disciplinas_vinculadas` (`id_agenda_disciplina`, `id_evento`, `id_disciplina`) VALUES (1, 1, 8),(2, 2, 9),(3, 3, 8),(4, 5, 9);
INSERT INTO `avaliacoes_preenchidas` (`id_avaliacao_preenchida`, `id_questionario`, `id_aluno_avaliado`, `id_avaliador`, `id_disciplina`, `id_turma`, `id_local_evento`, `data_realizacao`, `horario_inicio`, `horario_fim`, `feedback_positivo`, `feedback_melhoria`, `status_avaliacao`, `local_realizacao`, `nome_avaliador_nao_usuario`, `tipo_avaliador_nao_usuario`, `contrato_aprendizagem`) VALUES (1, 1, 11, 5, 8, 1, 6, '2025-08-20', '08:00:00', '09:30:00', 'Excelente capacidade de comunicação com o paciente. Demonstrou empatia e profissionalismo.', 'Melhorar a sistematização do exame físico, especialmente na ausculta cardíaca.', 'FINALIZADA', NULL, NULL, NULL, NULL),(2, 1, 12, 6, 8, 1, 6, '2025-08-21', '14:00:00', '15:30:00', 'Boa técnica de anamnese, conseguiu obter informações relevantes do paciente.', 'Trabalhar na organização do tempo durante o atendimento.', 'FINALIZADA', NULL, NULL, NULL, NULL),(3, 1, 13, 5, 8, 1, 7, '2025-08-22', '09:00:00', '10:30:00', 'Demonstrou conhecimento teórico sólido e boa aplicação prática.', 'Desenvolver mais confiança na apresentação dos casos clínicos.', 'FINALIZADA', NULL, NULL, NULL, NULL),(4, 2, 21, 9, 9, 3, 1, '2025-08-23', '10:00:00', '11:00:00', 'Estudante dedicado, sempre pontual e preparado para as atividades.', 'Participar mais ativamente das discussões de caso.', 'FINALIZADA', NULL, NULL, NULL, NULL),(5, 2, 22, 10, 9, 3, 1, '2025-08-24', '15:00:00', '16:00:00', 'Excelente relacionamento interpessoal com pacientes e equipe.', 'Aprimorar conhecimentos em farmacologia clínica.', 'FINALIZADA', NULL, NULL, NULL, NULL),(6, 3, 11, 12, 8, 1, 6, '2025-08-25', '08:30:00', '09:00:00', 'Colega muito colaborativo, sempre disposto a ajudar.', 'Poderia ser mais assertivo nas discussões de grupo.', 'FINALIZADA', NULL, NULL, NULL, NULL),(7, 3, 12, 11, 8, 1, 6, '2025-08-25', '09:00:00', '09:30:00', 'Demonstra muito conhecimento e compartilha bem com o grupo.', 'Às vezes pode ser muito detalhista, perdendo o foco principal.', 'FINALIZADA', NULL, NULL, NULL, NULL),(11, 3, 11, 12, NULL, NULL, NULL, '2025-08-25', '08:30:00', '09:00:00', 'Colega muito colaborativo, sempre disposto a ajudar.', 'Poderia ser mais assertivo nas discussões de grupo.', 'RASCUNHO', 'Ambulatório de Clínica Médica', NULL, NULL, NULL),(12, 3, 12, 11, NULL, NULL, NULL, '2025-08-25', '09:00:00', '09:30:00', 'Demonstra muito conhecimento e compartilha bem com o grupo.', 'Às vezes pode ser muito detalhista, perdendo o foco principal.', 'RASCUNHO', 'Ambulatório de Ginecologia', NULL, NULL, NULL),(13, 3, 11, 12, NULL, NULL, NULL, '2025-08-25', '08:30:00', '09:00:00', 'Colega muito colaborativo, sempre disposto a ajudar.', 'Poderia ser mais assertivo nas discussões de grupo.', 'RASCUNHO', 'Ambulatório de Ginecologia', NULL, NULL, NULL),(14, 2, 22, 10, NULL, NULL, NULL, '2025-08-24', '15:00:00', '16:00:00', 'Excelente relacionamento interpessoal com pacientes e equipe.', 'Aprimorar conhecimentos em farmacologia clínica.', 'RASCUNHO', 'Ambulatório de Clínica Médica', NULL, 'Professor/Preceptor', 'teste'),(15, 3, 13, 14, NULL, NULL, NULL, '2025-09-02', '16:57:00', '19:57:00', 'Preenchimento de teste', 'Preenchimento de teste', 'RASCUNHO', 'Hospital Universitário - Enfermaria A', NULL, NULL, NULL),(19, 5, 12, NULL, NULL, NULL, NULL, '2025-09-01', '16:16:00', '16:16:00', 'A atenção com o paciente.', 'Explicar com mais calma.', 'RASCUNHO', 'Sala de Simulação Clínica', '', 'Paciente', NULL),(23, 4, 11, NULL, NULL, NULL, NULL, '2025-09-02', '22:05:00', '00:05:00', 'Teste de feedback do estudante.', 'Teste de melhoria pelo feedback.', 'RASCUNHO', 'Sala de Simulação Clínica', 'João da Silva', 'Tecnico de Enfermagem', NULL),(24, 4, 12, NULL, NULL, NULL, NULL, '2025-09-02', '00:56:00', '08:00:00', 'Preenchimento de teste para equipes.', 'Preenchimento de teste para equipes a ser melhorado.', 'RASCUNHO', 'Hospital Universitário - UTI', 'Maria de Fátima', 'Psicologia', NULL),(25, 5, 11, NULL, NULL, NULL, NULL, '2025-09-02', '00:00:00', '01:00:00', 'Feedback positivo.', 'Melhorar é preciso.', 'RASCUNHO', 'Sala de Simulação Clínica', 'Paulo da Silva', 'Familiar', NULL),(26, 4, 14, NULL, NULL, NULL, NULL, '2025-09-02', '23:31:00', '02:31:00', 'Teste feedback.', 'Teste feedback melhorias.', 'RASCUNHO', 'Hospital Universitário - Pronto Socorro', 'Cláudia Romano', 'Psicologia', NULL),(27, 2, 18, 6, NULL, NULL, NULL, '2025-09-01', '16:18:00', '21:18:00', 'Desempenho padrão do estudante.', 'Melhorar a atenção com o público em geral.', 'RASCUNHO', 'Hospital Universitário - Centro Cirúrgico', NULL, 'Professor/Preceptor', 'O aprimoramento deve ser de acordo com as novas diretivas do PPC.'),(29, 2, 13, 7, NULL, NULL, NULL, '2025-09-08', '17:23:00', '19:23:00', 'Aluno com bom desempenho.', 'Melhorar a prescrição médica.', 'RASCUNHO', 'Hospital Universitário - Enfermaria A', NULL, 'Professor/Preceptor', 'Alinhar com os professores.'),(30, 3, 14, 13, NULL, NULL, NULL, '2025-09-09', '17:25:00', '22:25:00', 'Atitudes foram boas com o paciente.', 'Falta melhorar a competência técnica.', 'RASCUNHO', 'Ambulatório de Pediatria', NULL, NULL, NULL),(31, 4, 19, NULL, NULL, NULL, NULL, '2025-09-01', '22:26:00', '09:26:00', 'Atendimento foi bom.', 'Precisa melhorar nos quesitos de trabalho em equipe.', 'RASCUNHO', 'UBS Vila Nova', 'Carlos dos Santos', 'Tecnico de Enfermagem', NULL),(34, 1, 20, 8, NULL, NULL, NULL, '2025-08-31', '17:22:00', '19:22:00', 'O aluno foi mediano, tanto no atendimento quanto na prescrição.', 'Sem sugestões.', 'RASCUNHO', 'Hospital Universitário - Enfermaria A', NULL, NULL, 'Sem plano de ação.'),(35, 2, 14, 6, NULL, NULL, NULL, '2025-09-01', '19:18:00', '21:18:00', 'Teste de desempenho do estudante.', 'Não há melhorias sugeridas.', 'RASCUNHO', 'Ambulatório de Clínica Médica', NULL, 'Professor/Preceptor', 'Contato com o coordenador para ajustes de comportamento junto ao paciente.'),(36, 3, 13, 15, NULL, NULL, NULL, '2025-09-01', '18:19:00', '20:19:00', 'Teste de desempenho positivo.', 'Sem observações importantes.', 'RASCUNHO', 'Ambulatório de Ginecologia', NULL, NULL, NULL),(37, 4, 16, NULL, NULL, NULL, NULL, '2025-09-01', '18:21:00', '20:21:00', 'Teste de desempenho de equipe.', 'Teste de melhoria de desempenho.', 'RASCUNHO', 'Laboratório de Anatomia', 'Maria de Fátima', 'Psicologia', NULL),(38, 5, 15, NULL, NULL, NULL, NULL, '2025-09-01', '18:22:00', '19:22:00', 'Teste de atendimento do aluno. Ok.', 'Melhorias no momento de receber o paciente no consultório.', 'RASCUNHO', 'Hospital Universitário - Centro Cirúrgico', 'Paulo Cunha', 'Paciente', NULL),(39, 1, 22, 10, NULL, NULL, NULL, '2025-09-01', '18:44:00', '20:44:00', 'Teste do que foi bem executado. Ok para o aluno.', 'Sem sugestões anotadas.', 'RASCUNHO', 'Laboratório de Histologia', NULL, NULL, 'Plano de aprendizagem padrão.'),(40, 1, 24, 9, NULL, NULL, NULL, '2025-09-01', '22:41:00', '00:41:00', 'Avaliação considerada satisfatória.', 'Melhorar nos quesitos de entrevista médica e exame físico.', 'RASCUNHO', 'Ambulatório de Clínica Médica', NULL, NULL, 'Plano padrão.'),(41, 4, 17, NULL, NULL, NULL, NULL, '2025-09-02', '22:34:00', '00:40:00', 'Avaliação satisfatória em todos os quesitos avaliados.', 'Atenção com o paciente.', 'RASCUNHO', 'Hospital Universitário - Centro Cirúrgico', 'João da Silva', 'Fisioterapia', NULL),(42, 5, 15, NULL, NULL, NULL, NULL, '2025-09-02', '00:36:00', '03:36:00', 'Atitude respeitosa com o paciente.\r\n', 'Comunicação mais clara, diante do diagnóstico.', 'RASCUNHO', 'Ambulatório de Pediatria', 'Maria de Jesus', 'Familiar', NULL);
INSERT INTO `participantes_eventos` (`id_participante_evento`, `id_evento`, `id_usuario`, `papel_participante`, `confirmado`) VALUES (1, 1, 5, 'ORGANIZADOR', 1),(2, 1, 11, 'PARTICIPANTE', 1),(3, 1, 12, 'PARTICIPANTE', 1),(4, 1, 13, 'PARTICIPANTE', 1),(5, 1, 14, 'PARTICIPANTE', 1),(6, 1, 15, 'PARTICIPANTE', 1),(7, 2, 9, 'ORGANIZADOR', 1),(8, 2, 21, 'PARTICIPANTE', 1),(9, 2, 22, 'PARTICIPANTE', 1),(10, 2, 23, 'PARTICIPANTE', 1),(11, 3, 5, 'ORGANIZADOR', 1),(12, 3, 6, 'ORGANIZADOR', 1),(13, 3, 11, 'PARTICIPANTE', 1),(14, 3, 12, 'PARTICIPANTE', 1),(15, 3, 13, 'PARTICIPANTE', 1),(16, 3, 14, 'PARTICIPANTE', 1),(17, 3, 15, 'PARTICIPANTE', 1),(18, 4, 3, 'ORGANIZADOR', 1),(19, 4, 4, 'PARTICIPANTE', 1),(20, 4, 5, 'PARTICIPANTE', 1),(21, 4, 6, 'PARTICIPANTE', 1),(22, 4, 7, 'PARTICIPANTE', 1),(23, 4, 8, 'PARTICIPANTE', 1),(24, 5, 9, 'ORGANIZADOR', 1),(25, 5, 10, 'ORGANIZADOR', 1),(26, 5, 21, 'PARTICIPANTE', 1),(27, 5, 22, 'PARTICIPANTE', 1),(28, 5, 23, 'PARTICIPANTE', 1),(29, 6, 10, 'ORGANIZADOR', 1),(30, 6, 11, 'PARTICIPANTE', 0),(31, 6, 12, 'PARTICIPANTE', 0),(32, 6, 13, 'PARTICIPANTE', 0),(33, 6, 14, 'PARTICIPANTE', 0),(34, 6, 15, 'PARTICIPANTE', 0),(35, 6, 21, 'PARTICIPANTE', 0),(36, 6, 22, 'PARTICIPANTE', 0),(37, 6, 23, 'PARTICIPANTE', 0),(38, 6, 26, 'PARTICIPANTE', 0),(39, 6, 27, 'PARTICIPANTE', 0),(40, 6, 28, 'PARTICIPANTE', 0);
INSERT INTO `respostas_itens_avaliacao` (`id_resposta_avaliacao`, `id_avaliacao_preenchida`, `id_competencia_questionario`, `resposta_valor_numerico`) VALUES (1, 1, 1, 7.0),(2, 1, 2, 6.0),(3, 1, 3, 8.0),(4, 1, 4, 7.0),(5, 1, 5, 8.0),(6, 1, 6, 5.0),(7, 1, 7, 7.0),(8, 2, 1, 8.0),(9, 2, 2, 7.0),(10, 2, 3, 7.0),(11, 2, 4, 6.0),(12, 2, 5, 7.0),(13, 2, 6, 5.0),(14, 2, 7, 7.0),(15, 3, 1, 6.0),(16, 3, 2, 7.0),(17, 3, 3, 8.0),(18, 3, 4, 8.0),(19, 3, 5, 6.0),(20, 3, 6, 7.0),(21, 3, 7, 7.0),(22, 4, 8, 7.0),(23, 4, 9, 7.0),(24, 4, 10, 8.0),(25, 4, 11, 6.0),(26, 4, 12, 8.0),(27, 4, 13, 8.0),(28, 4, 14, 7.0),(29, 5, 8, 8.0),(30, 5, 9, 7.0),(31, 5, 10, 9.0),(32, 5, 11, 6.0),(33, 5, 12, 9.0),(34, 5, 13, 7.0),(35, 5, 14, 8.0),(36, 6, 15, 7.0),(37, 6, 16, 6.0),(38, 6, 17, 7.0),(39, 6, 18, 8.0),(40, 6, 19, 8.0),(41, 6, 20, 6.0),(42, 6, 21, 7.0),(43, 6, 22, 8.0),(44, 6, 23, 8.0),(45, 6, 24, 9.0),(46, 7, 15, 8.0),(47, 7, 16, 7.0),(48, 7, 17, 8.0),(49, 7, 18, 7.0),(50, 7, 19, 7.0),(51, 7, 20, 6.0),(52, 7, 21, 8.0),(53, 7, 22, 7.0),(54, 7, 23, 7.0),(55, 7, 24, 7.0),(56, 11, 15, 7.0),(57, 11, 16, 6.0),(58, 11, 17, 7.0),(59, 11, 18, 8.0),(60, 11, 19, 9.0),(61, 11, 20, 6.0),(62, 11, 21, 7.0),(63, 11, 22, 8.0),(64, 11, 23, 8.0),(65, 11, 24, 8.0),(66, 12, 15, 8.0),(67, 12, 16, 7.0),(68, 12, 17, 8.0),(69, 12, 18, 7.0),(70, 12, 19, 7.0),(71, 12, 20, 6.0),(72, 12, 21, 8.0),(73, 12, 22, 7.0),(74, 12, 23, 7.0),(75, 12, 24, 7.0),(76, 13, 15, 7.0),(77, 13, 16, 6.0),(78, 13, 17, 7.0),(79, 13, 18, 8.0),(80, 13, 19, 9.0),(81, 13, 20, 6.0),(82, 13, 21, 7.0),(83, 13, 22, 8.0),(84, 13, 23, 8.0),(85, 13, 24, 9.0),(86, 14, 8, 8.0),(87, 14, 9, 7.0),(88, 14, 10, 9.0),(89, 14, 11, 6.0),(90, 14, 12, 9.0),(91, 14, 13, 7.0),(92, 14, 14, 8.0),(103, 19, 35, 1.0),(104, 19, 36, 5.0),(105, 19, 37, 3.0),(106, 19, 38, 2.0),(107, 19, 39, 9.0),(108, 19, 40, 8.0),(109, 19, 41, 6.0),(110, 19, 42, 7.0),(111, 19, 43, 4.0),(112, 19, 44, 3.0),(123, 23, 25, 1.0),(124, 23, 26, 2.0),(125, 23, 27, 3.0),(126, 23, 28, 4.0),(127, 23, 29, 5.0),(128, 23, 30, 6.0),(129, 23, 31, 7.0),(130, 23, 32, 8.0),(131, 23, 33, 9.0),(132, 23, 34, 5.0),(133, 24, 25, 1.0),(134, 24, 26, 1.0),(135, 24, 27, 1.0),(136, 24, 28, 2.0),(137, 24, 29, 2.0),(138, 24, 30, 2.0),(139, 24, 31, 5.0),(140, 24, 32, 5.0),(141, 24, 33, 5.0),(142, 24, 34, 8.0),(153, 15, 15, 1.0),(154, 15, 16, 2.0),(155, 15, 17, 3.0),(156, 15, 18, 4.0),(157, 15, 19, 5.0),(158, 15, 20, 6.0),(159, 15, 21, 4.0),(160, 15, 22, 3.0),(161, 15, 23, 2.0),(162, 15, 24, 1.0),(163, 25, 35, 1.0),(164, 25, 36, 4.0),(165, 25, 37, 3.0),(166, 25, 38, 2.0),(167, 25, 39, 5.0),(168, 25, 40, 5.0),(169, 25, 41, 5.0),(170, 25, 42, 5.0),(171, 25, 43, 3.0),(172, 25, 44, 6.0),(193, 26, 25, 1.0),(194, 26, 26, 1.0),(195, 26, 27, 5.0),(196, 26, 28, 4.0),(197, 26, 29, 5.0),(198, 26, 30, 4.0),(199, 26, 31, 5.0),(200, 26, 32, 4.0),(201, 26, 33, 5.0),(202, 26, 34, 4.0),(210, 27, 8, 1.0),(211, 27, 9, 9.0),(212, 27, 10, 8.0),(213, 27, 11, 7.0),(214, 27, 12, 5.0),(215, 27, 13, 6.0),(216, 27, 14, 7.0),(217, 29, 8, 9.0),(218, 29, 9, 8.0),(219, 29, 10, 8.0),(220, 29, 11, 7.0),(221, 29, 12, 7.0),(222, 29, 13, 6.0),(223, 29, 14, 6.0),(224, 30, 15, 1.0),(225, 30, 16, 2.0),(226, 30, 17, 3.0),(227, 30, 18, 4.0),(228, 30, 19, 5.0),(229, 30, 20, 6.0),(230, 30, 21, 7.0),(231, 30, 22, 8.0),(232, 30, 23, 9.0),(233, 30, 24, 7.0),(244, 31, 25, 6.0),(245, 31, 26, 6.0),(246, 31, 27, 6.0),(247, 31, 28, 4.0),(248, 31, 29, 4.0),(249, 31, 30, 5.0),(250, 31, 31, 5.0),(251, 31, 32, 6.0),(252, 31, 33, 6.0),(253, 31, 34, 7.0),(261, 34, 1, 9.0),(262, 34, 2, 9.0),(263, 34, 3, 4.0),(264, 34, 4, 5.0),(265, 34, 5, 6.0),(266, 34, 6, 7.0),(267, 34, 7, 8.0),(268, 35, 8, 1.0),(269, 35, 9, 1.0),(270, 35, 10, 1.0),(271, 35, 11, 2.0),(272, 35, 12, 2.0),(273, 35, 13, 2.0),(274, 35, 14, 3.0),(285, 36, 15, 3.0),(286, 36, 16, 2.0),(287, 36, 17, 3.0),(288, 36, 18, 4.0),(289, 36, 19, 5.0),(290, 36, 20, 6.0),(291, 36, 21, 7.0),(292, 36, 22, 6.0),(293, 36, 23, 5.0),(294, 36, 24, 4.0),(305, 37, 25, 1.0),(306, 37, 26, 1.0),(307, 37, 27, 1.0),(308, 37, 28, 1.0),(309, 37, 29, 2.0),(310, 37, 30, 2.0),(311, 37, 31, 2.0),(312, 37, 32, 5.0),(313, 37, 33, 5.0),(314, 37, 34, 5.0),(325, 38, 35, 9.0),(326, 38, 36, 3.0),(327, 38, 37, 2.0),(328, 38, 38, 2.0),(329, 38, 39, 6.0),(330, 38, 40, 5.0),(331, 38, 41, 4.0),(332, 38, 42, 5.0),(333, 38, 43, 3.0),(334, 38, 44, 7.0),(356, 39, 1, 6.0),(357, 39, 2, 4.0),(358, 39, 3, 5.0),(359, 39, 4, 6.0),(360, 39, 5, 5.0),(361, 39, 6, 4.0),(362, 39, 7, 9.0),(363, 40, 1, 2.0),(364, 40, 2, 3.0),(365, 40, 3, 6.0),(366, 40, 4, 8.0),(367, 40, 5, 9.0),(368, 40, 6, 9.0),(369, 40, 7, 9.0),(380, 41, 25, 6.0),(381, 41, 26, 5.0),(382, 41, 27, 6.0),(383, 41, 28, 9.0),(384, 41, 29, 6.0),(385, 41, 30, 7.0),(386, 41, 31, 7.0),(387, 41, 32, 6.0),(388, 41, 33, 8.0),(389, 41, 34, 9.0),(400, 42, 35, 8.0),(401, 42, 36, 8.0),(402, 42, 37, 7.0),(403, 42, 38, 7.0),(404, 42, 39, 8.0),(405, 42, 40, 7.0),(406, 42, 41, 7.0),(407, 42, 42, 6.0),(408, 42, 43, 7.0),(409, 42, 44, 5.0);
INSERT INTO `usuarios_permissoes` (`id_usuario_permissao`, `id_usuario`, `id_permissao`, `data_atribuicao`) VALUES (1, 1, 1, '2025-08-26 22:30:05'),(2, 1, 2, '2025-08-26 22:30:05'),(3, 1, 3, '2025-08-26 22:30:05'),(4, 1, 4, '2025-08-26 22:30:05'),(5, 1, 5, '2025-08-26 22:30:05'),(6, 1, 6, '2025-08-26 22:30:05'),(7, 1, 7, '2025-08-26 22:30:05'),(8, 1, 8, '2025-08-26 22:30:05'),(9, 1, 9, '2025-08-26 22:30:05'),(10, 1, 10, '2025-08-26 22:30:05'),(11, 1, 11, '2025-08-26 22:30:05'),(12, 1, 12, '2025-08-26 22:30:05'),(13, 2, 1, '2025-08-26 22:30:05'),(14, 2, 2, '2025-08-26 22:30:05'),(15, 2, 3, '2025-08-26 22:30:05'),(16, 2, 4, '2025-08-26 22:30:05'),(17, 2, 5, '2025-08-26 22:30:05'),(18, 2, 6, '2025-08-26 22:30:05'),(19, 2, 7, '2025-08-26 22:30:05'),(20, 2, 8, '2025-08-26 22:30:05'),(21, 2, 9, '2025-08-26 22:30:05'),(22, 2, 10, '2025-08-26 22:30:05'),(23, 2, 11, '2025-08-26 22:30:05'),(24, 2, 12, '2025-08-26 22:30:05'),(25, 31, 1, '2025-08-26 22:30:05'),(26, 31, 2, '2025-08-26 22:30:05'),(27, 31, 3, '2025-08-26 22:30:05'),(28, 31, 4, '2025-08-26 22:30:05'),(29, 31, 5, '2025-08-26 22:30:05'),(30, 31, 6, '2025-08-26 22:30:05'),(31, 31, 7, '2025-08-26 22:30:05'),(32, 31, 8, '2025-08-26 22:30:05'),(33, 31, 9, '2025-08-26 22:30:05'),(34, 31, 10, '2025-08-26 22:30:05'),(35, 31, 11, '2025-08-26 22:30:05'),(36, 31, 12, '2025-08-26 22:30:05'),(37, 3, 2, '2025-08-26 22:30:05'),(38, 3, 3, '2025-08-26 22:30:05'),(39, 3, 4, '2025-08-26 22:30:05'),(40, 3, 5, '2025-08-26 22:30:05'),(41, 3, 6, '2025-08-26 22:30:05'),(42, 3, 7, '2025-08-26 22:30:05'),(43, 3, 8, '2025-08-26 22:30:05'),(44, 3, 9, '2025-08-26 22:30:05'),(45, 3, 10, '2025-08-26 22:30:05'),(46, 3, 11, '2025-08-26 22:30:05'),(47, 4, 2, '2025-08-26 22:30:05'),(48, 4, 3, '2025-08-26 22:30:05'),(49, 4, 4, '2025-08-26 22:30:05'),(50, 4, 5, '2025-08-26 22:30:05'),(51, 4, 6, '2025-08-26 22:30:05'),(52, 4, 7, '2025-08-26 22:30:05'),(53, 4, 8, '2025-08-26 22:30:05'),(54, 4, 9, '2025-08-26 22:30:05'),(55, 4, 10, '2025-08-26 22:30:05'),(56, 4, 11, '2025-08-26 22:30:05'),(57, 5, 5, '2025-08-26 22:30:05'),(58, 5, 6, '2025-08-26 22:30:05'),(59, 5, 7, '2025-08-26 22:30:05'),(60, 5, 10, '2025-08-26 22:30:05'),(61, 5, 11, '2025-08-26 22:30:05'),(62, 6, 5, '2025-08-26 22:30:05'),(63, 6, 6, '2025-08-26 22:30:05'),(64, 6, 7, '2025-08-26 22:30:05'),(65, 6, 10, '2025-08-26 22:30:05'),(66, 6, 11, '2025-08-26 22:30:05'),(67, 7, 5, '2025-08-26 22:30:05'),(68, 7, 6, '2025-08-26 22:30:05'),(69, 7, 7, '2025-08-26 22:30:05'),(70, 7, 10, '2025-08-26 22:30:05'),(71, 7, 11, '2025-08-26 22:30:05'),(72, 8, 5, '2025-08-26 22:30:05'),(73, 8, 6, '2025-08-26 22:30:05'),(74, 8, 7, '2025-08-26 22:30:05'),(75, 8, 10, '2025-08-26 22:30:05'),(76, 8, 11, '2025-08-26 22:30:05'),(77, 9, 5, '2025-08-26 22:30:05'),(78, 9, 6, '2025-08-26 22:30:05'),(79, 9, 7, '2025-08-26 22:30:05'),(80, 9, 10, '2025-08-26 22:30:05'),(81, 9, 11, '2025-08-26 22:30:05'),(82, 10, 5, '2025-08-26 22:30:05'),(83, 10, 6, '2025-08-26 22:30:05'),(84, 10, 7, '2025-08-26 22:30:05'),(85, 10, 10, '2025-08-26 22:30:05'),(86, 10, 11, '2025-08-26 22:30:05'),(87, 11, 7, '2025-08-26 22:30:05'),(88, 11, 10, '2025-08-26 22:30:05'),(89, 11, 12, '2025-08-26 22:30:05'),(90, 12, 7, '2025-08-26 22:30:05'),(91, 12, 10, '2025-08-26 22:30:05'),(92, 12, 12, '2025-08-26 22:30:05'),(93, 13, 7, '2025-08-26 22:30:05'),(94, 13, 10, '2025-08-26 22:30:05'),(95, 13, 12, '2025-08-26 22:30:05'),(96, 14, 7, '2025-08-26 22:30:05'),(97, 14, 10, '2025-08-26 22:30:05'),(98, 14, 12, '2025-08-26 22:30:05'),(99, 15, 7, '2025-08-26 22:30:05'),(100, 15, 10, '2025-08-26 22:30:05'),(101, 15, 12, '2025-08-26 22:30:05'),(102, 16, 7, '2025-08-26 22:30:05'),(103, 16, 10, '2025-08-26 22:30:05'),(104, 16, 12, '2025-08-26 22:30:05'),(105, 17, 7, '2025-08-26 22:30:05'),(106, 17, 10, '2025-08-26 22:30:05'),(107, 17, 12, '2025-08-26 22:30:05'),(108, 18, 7, '2025-08-26 22:30:05'),(109, 18, 10, '2025-08-26 22:30:05'),(110, 18, 12, '2025-08-26 22:30:05'),(111, 19, 7, '2025-08-26 22:30:05'),(112, 19, 10, '2025-08-26 22:30:05'),(113, 19, 12, '2025-08-26 22:30:05'),(114, 20, 7, '2025-08-26 22:30:05'),(115, 20, 10, '2025-08-26 22:30:05'),(116, 20, 12, '2025-08-26 22:30:05'),(117, 21, 7, '2025-08-26 22:30:05'),(118, 21, 10, '2025-08-26 22:30:05'),(119, 21, 12, '2025-08-26 22:30:05'),(120, 22, 7, '2025-08-26 22:30:05'),(121, 22, 10, '2025-08-26 22:30:05'),(122, 22, 12, '2025-08-26 22:30:05'),(123, 23, 7, '2025-08-26 22:30:05'),(124, 23, 10, '2025-08-26 22:30:05'),(125, 23, 12, '2025-08-26 22:30:05'),(126, 24, 7, '2025-08-26 22:30:05'),(127, 24, 10, '2025-08-26 22:30:05'),(128, 24, 12, '2025-08-26 22:30:05'),(129, 25, 7, '2025-08-26 22:30:05'),(130, 25, 10, '2025-08-26 22:30:05'),(131, 25, 12, '2025-08-26 22:30:05'),(132, 26, 7, '2025-08-26 22:30:05'),(133, 26, 10, '2025-08-26 22:30:05'),(134, 26, 12, '2025-08-26 22:30:05'),(135, 27, 7, '2025-08-26 22:30:05'),(136, 27, 10, '2025-08-26 22:30:05'),(137, 27, 12, '2025-08-26 22:30:05'),(138, 28, 7, '2025-08-26 22:30:05'),(139, 28, 10, '2025-08-26 22:30:05'),(140, 28, 12, '2025-08-26 22:30:05'),(141, 29, 7, '2025-08-26 22:30:05'),(142, 29, 10, '2025-08-26 22:30:05'),(143, 29, 12, '2025-08-26 22:30:05'),(144, 30, 7, '2025-08-26 22:30:05'),(145, 30, 10, '2025-08-26 22:30:05'),(146, 30, 12, '2025-08-26 22:30:05');

-- <<< INÍCIO DA SEÇÃO ADICIONADA DO SCRIPT DE NOTAS >>>
INSERT INTO `notas` (
    `id_aluno`, `id_disciplina`, `id_turma`, `id_professor`, `valor_nota`, `peso_nota`, 
    `tipo_avaliacao`, `descricao_avaliacao`, `data_avaliacao`, `observacoes`
) VALUES 
(21, 1, 1, 5, 8.5, 3.0, 'PROVA', 'Prova P1 - Anatomia do Sistema Cardiovascular', '2025-03-15', 'Excelente conhecimento dos conceitos básicos'),
(21, 2, 1, 6, 7.0, 2.0, 'TRABALHO', 'Trabalho sobre Fisiologia Cardíaca', '2025-03-20', 'Bom desenvolvimento do tema'),
(21, 1, 1, 5, 9.0, 1.0, 'PARTICIPACAO', 'Participação em aulas práticas', '2025-03-25', 'Participação ativa e questionamentos pertinentes'),
(22, 1, 1, 5, 7.5, 3.0, 'PROVA', 'Prova P1 - Anatomia do Sistema Cardiovascular', '2025-03-15', 'Bom desempenho, alguns conceitos a revisar'),
(22, 2, 1, 6, 8.0, 2.0, 'TRABALHO', 'Trabalho sobre Fisiologia Cardíaca', '2025-03-20', 'Trabalho bem estruturado'),
(22, 3, 1, 7, 6.5, 2.0, 'SEMINARIO', 'Seminário sobre Histologia', '2025-03-22', 'Apresentação clara, pode melhorar a didática'),
(23, 5, 3, 8, 9.5, 3.0, 'PROVA', 'Prova P1 - Patologia Geral', '2025-03-18', 'Excelente compreensão dos processos patológicos'),
(23, 6, 3, 9, 8.0, 2.0, 'PRATICA', 'Atividade Prática - Farmacologia', '2025-03-21', 'Boa aplicação dos conhecimentos práticos'),
(23, 7, 3, 10, 7.5, 2.0, 'TRABALHO', 'Trabalho sobre Microbiologia', '2025-03-23', 'Pesquisa adequada, pode aprofundar mais'),
(24, 5, 3, 8, 6.0, 3.0, 'PROVA', 'Prova P1 - Patologia Geral', '2025-03-18', 'Aprovado, mas precisa estudar mais os conceitos básicos'),
(24, 6, 3, 9, 7.0, 2.0, 'PRATICA', 'Atividade Prática - Farmacologia', '2025-03-21', 'Desempenho satisfatório'),
(25, 8, 5, 11, 8.5, 3.0, 'PROVA', 'Prova P1 - Semiologia Médica', '2025-03-16', 'Boa técnica de exame físico'),
(25, 9, 5, 12, 9.0, 3.0, 'PRATICA', 'Prática Clínica - Clínica Médica', '2025-03-19', 'Excelente raciocínio clínico'),
(25, 10, 5, 13, 7.5, 2.0, 'SEMINARIO', 'Seminário - Técnicas Cirúrgicas', '2025-03-24', 'Boa apresentação, demonstrou conhecimento'),
(26, 8, 5, 11, 7.0, 3.0, 'PROVA', 'Prova P1 - Semiologia Médica', '2025-03-16', 'Aprovado, precisa praticar mais o exame físico'),
(26, 9, 5, 12, 8.0, 3.0, 'PRATICA', 'Prática Clínica - Clínica Médica', '2025-03-19', 'Bom desempenho na prática'),
(27, 11, 7, 14, 9.0, 3.0, 'ESTAGIO', 'Estágio em Pediatria', '2025-03-17', 'Excelente relacionamento com pacientes pediátricos'),
(27, 12, 7, 15, 8.5, 3.0, 'ESTAGIO', 'Estágio em Ginecologia', '2025-03-20', 'Boa evolução durante o estágio'),
(27, 13, 7, 16, 8.0, 2.0, 'PROJETO', 'Projeto de Medicina Comunitária', '2025-03-25', 'Projeto bem elaborado e executado'),
(28, 11, 7, 14, 7.5, 3.0, 'ESTAGIO', 'Estágio em Pediatria', '2025-03-17', 'Bom desempenho, pode melhorar a comunicação'),
(28, 12, 7, 15, 7.0, 3.0, 'ESTAGIO', 'Estágio em Ginecologia', '2025-03-20', 'Desempenho satisfatório'),
(29, 14, 9, 17, 9.5, 4.0, 'ESTAGIO', 'Internato em Clínica Médica', '2025-03-14', 'Excelente desempenho no internato, pronto para a prática'),
(29, 15, 9, 18, 9.0, 4.0, 'ESTAGIO', 'Internato em Cirurgia', '2025-03-21', 'Muito bom em procedimentos cirúrgicos'),
(30, 14, 9, 17, 8.0, 4.0, 'ESTAGIO', 'Internato em Clínica Médica', '2025-03-14', 'Bom desempenho, demonstra maturidade profissional'),
(30, 15, 9, 18, 8.5, 4.0, 'ESTAGIO', 'Internato em Cirurgia', '2025-03-21', 'Boa evolução técnica');
-- <<< FIM DA SEÇÃO ADICIONADA DO SCRIPT DE NOTAS >>>

-- --------------------------------------------------------
-- ETAPA 4: PROCEDIMENTOS, GATILHOS E VIEWS
-- --------------------------------------------------------

DELIMITER $$
CREATE DEFINER=`root`@`localhost` PROCEDURE `sp_estatisticas_usuario` (IN `usuario_id` INT)   BEGIN
    SELECT 
        u.nome_completo,
        u.tipo_usuario,
        COUNT(CASE WHEN ap.id_aluno_avaliado = usuario_id THEN 1 END) as avaliacoes_recebidas,
        COUNT(CASE WHEN ap.id_avaliador = usuario_id THEN 1 END) as avaliacoes_realizadas,
        AVG(CASE WHEN ap.id_aluno_avaliado = usuario_id THEN ria.resposta_valor_numerico END) as media_recebida,
        COUNT(CASE WHEN ap.id_aluno_avaliado = usuario_id AND ap.status_avaliacao = 'FINALIZADA' THEN 1 END) as finalizadas_recebidas,
        COUNT(CASE WHEN ap.id_avaliador = usuario_id AND ap.status_avaliacao = 'FINALIZADA' THEN 1 END) as finalizadas_realizadas
    FROM usuarios u
    LEFT JOIN avaliacoes_preenchidas ap ON (u.id_usuario = ap.id_aluno_avaliado OR u.id_usuario = ap.id_avaliador)
    LEFT JOIN respostas_itens_avaliacao ria ON ap.id_avaliacao_preenchida = ria.id_avaliacao_preenchida
    WHERE u.id_usuario = usuario_id
    GROUP BY u.id_usuario, u.nome_completo, u.tipo_usuario;
END$$
CREATE DEFINER=`root`@`localhost` PROCEDURE `sp_relatorio_avaliacoes_periodo` (IN `data_inicio` DATE, IN `data_fim` DATE)   BEGIN
    SELECT 
        q.nome_modelo as questionario,
        COUNT(*) as total_avaliacoes,
        COUNT(CASE WHEN ap.status_avaliacao = 'FINALIZADA' THEN 1 END) as finalizadas,
        COUNT(CASE WHEN ap.status_avaliacao = 'RASCUNHO' THEN 1 END) as rascunhos,
        AVG(ria.resposta_valor_numerico) as media_geral,
        MIN(ap.data_realizacao) as primeira_avaliacao,
        MAX(ap.data_realizacao) as ultima_avaliacao
    FROM avaliacoes_preenchidas ap
    JOIN questionarios q ON ap.id_questionario = q.id_questionario
    LEFT JOIN respostas_itens_avaliacao ria ON ap.id_avaliacao_preenchida = ria.id_avaliacao_preenchida
    WHERE ap.data_realizacao BETWEEN data_inicio AND data_fim
    GROUP BY q.id_questionario, q.nome_modelo
    ORDER BY total_avaliacoes DESC;
END$$
CREATE TRIGGER `tr_usuarios_insert` AFTER INSERT ON `usuarios` FOR EACH ROW BEGIN
    INSERT INTO log_acoes (id_usuario, acao, tabela_afetada, id_registro_afetado, dados_novos)
    VALUES (NEW.id_usuario, 'INSERT', 'usuarios', NEW.id_usuario, JSON_OBJECT(
        'nome_completo', NEW.nome_completo,
        'email', NEW.email,
        'tipo_usuario', NEW.tipo_usuario,
        'ativo', NEW.ativo
    ));
END$$
CREATE TRIGGER `tr_usuarios_update` AFTER UPDATE ON `usuarios` FOR EACH ROW BEGIN
    INSERT INTO log_acoes (id_usuario, acao, tabela_afetada, id_registro_afetado, dados_anteriores, dados_novos)
    VALUES (NEW.id_usuario, 'UPDATE', 'usuarios', NEW.id_usuario, 
        JSON_OBJECT(
            'nome_completo', OLD.nome_completo,
            'email', OLD.email,
            'tipo_usuario', OLD.tipo_usuario,
            'ativo', OLD.ativo
        ),
        JSON_OBJECT(
            'nome_completo', NEW.nome_completo,
            'email', NEW.email,
            'tipo_usuario', NEW.tipo_usuario,
            'ativo', NEW.ativo
        )
    );
END$$
DELIMITER ;

CREATE OR REPLACE ALGORITHM=UNDEFINED DEFINER=`root`@`localhost` SQL SECURITY DEFINER VIEW `vw_avaliacoes_completas`  AS SELECT `ap`.`id_avaliacao_preenchida` AS `id_avaliacao_preenchida`, `ap`.`data_realizacao` AS `data_realizacao`, `ap`.`horario_inicio` AS `horario_inicio`, `ap`.`horario_fim` AS `horario_fim`, `ap`.`status_avaliacao` AS `status_avaliacao`, `q`.`nome_modelo` AS `questionario`, `q`.`tipo_avaliacao` AS `tipo_avaliacao`, `aluno`.`nome_completo` AS `nome_aluno`, `aluno`.`email` AS `email_aluno`, `avaliador`.`nome_completo` AS `nome_avaliador`, `avaliador`.`email` AS `email_avaliador`, `d`.`nome_disciplina` AS `nome_disciplina`, `t`.`nome_turma` AS `nome_turma`, `le`.`nome_local` AS `nome_local`, `ap`.`feedback_positivo` AS `feedback_positivo`, `ap`.`feedback_melhoria` AS `feedback_melhoria`, `ap`.`data_criacao` AS `data_criacao` FROM ((((((`avaliacoes_preenchidas` `ap` join `questionarios` `q` on(`ap`.`id_questionario` = `q`.`id_questionario`)) join `usuarios` `aluno` on(`ap`.`id_aluno_avaliado` = `aluno`.`id_usuario`)) join `usuarios` `avaliador` on(`ap`.`id_avaliador` = `avaliador`.`id_usuario`)) left join `disciplinas` `d` on(`ap`.`id_disciplina` = `d`.`id_disciplina`)) left join `turmas` `t` on(`ap`.`id_turma` = `t`.`id_turma`)) left join `locais_eventos` `le` on(`ap`.`id_local_evento` = `le`.`id_local_evento`));
CREATE OR REPLACE ALGORITHM=UNDEFINED DEFINER=`root`@`localhost` SQL SECURITY DEFINER VIEW `vw_estatisticas_avaliacoes`  AS SELECT `u`.`id_usuario` AS `id_usuario`, `u`.`nome_completo` AS `nome_completo`, `u`.`tipo_usuario` AS `tipo_usuario`, count(case when `ap`.`id_aluno_avaliado` = `u`.`id_usuario` then 1 end) AS `total_como_avaliado`, count(case when `ap`.`id_avaliador` = `u`.`id_usuario` then 1 end) AS `total_como_avaliador`, count(case when `ap`.`id_aluno_avaliado` = `u`.`id_usuario` and `ap`.`status_avaliacao` = 'FINALIZADA' then 1 end) AS `finalizadas_como_avaliado`, count(case when `ap`.`id_avaliador` = `u`.`id_usuario` and `ap`.`status_avaliacao` = 'FINALIZADA' then 1 end) AS `finalizadas_como_avaliador`, avg(case when `ria`.`id_avaliacao_preenchida` in (select `avaliacoes_preenchidas`.`id_avaliacao_preenchida` from `avaliacoes_preenchidas` where `avaliacoes_preenchidas`.`id_aluno_avaliado` = `u`.`id_usuario`) then `ria`.`resposta_valor_numerico` end) AS `media_notas_recebidas` FROM ((`usuarios` `u` left join `avaliacoes_preenchidas` `ap` on(`u`.`id_usuario` = `ap`.`id_aluno_avaliado` or `u`.`id_usuario` = `ap`.`id_avaliador`)) left join `respostas_itens_avaliacao` `ria` on(`ap`.`id_avaliacao_preenchida` = `ria`.`id_avaliacao_preenchida`)) WHERE `u`.`ativo` = 1 GROUP BY `u`.`id_usuario`, `u`.`nome_completo`, `u`.`tipo_usuario`;
CREATE OR REPLACE ALGORITHM=UNDEFINED DEFINER=`root`@`localhost` SQL SECURITY DEFINER VIEW `vw_usuarios_permissoes`  AS SELECT `u`.`id_usuario` AS `id_usuario`, `u`.`nome_completo` AS `nome_completo`, `u`.`email` AS `email`, `u`.`tipo_usuario` AS `tipo_usuario`, `u`.`ativo` AS `usuario_ativo`, group_concat(`p`.`nome_permissao` separator ', ') AS `permissoes` FROM ((`usuarios` `u` left join `usuarios_permissoes` `up` on(`u`.`id_usuario` = `up`.`id_usuario`)) left join `permissoes` `p` on(`up`.`id_permissao` = `p`.`id_permissao` and `p`.`ativo` = 1)) WHERE `u`.`ativo` = 1 GROUP BY `u`.`id_usuario`, `u`.`nome_completo`, `u`.`email`, `u`.`tipo_usuario`, `u`.`ativo`;

-- <<< INÍCIO DA SEÇÃO ADICIONADA DO SCRIPT DE NOTAS >>>
CREATE OR REPLACE VIEW `view_medias_aluno_disciplina` AS
SELECT 
    n.id_aluno,
    u.nome_completo AS nome_aluno,
    u.matricula_RA,
    n.id_disciplina,
    d.nome_disciplina,
    d.codigo_disciplina,
    COUNT(n.id_nota) AS total_notas,
    ROUND(SUM(n.valor_nota * n.peso_nota) / SUM(n.peso_nota), 2) AS media_ponderada,
    ROUND(AVG(n.valor_nota), 2) AS media_simples,
    MIN(n.valor_nota) AS nota_minima,
    MAX(n.valor_nota) AS nota_maxima,
    CASE 
        WHEN SUM(n.valor_nota * n.peso_nota) / SUM(n.peso_nota) >= 6.0 THEN 'APROVADO'
        ELSE 'REPROVADO'
    END AS situacao
FROM notas n
INNER JOIN usuarios u ON n.id_aluno = u.id_usuario
INNER JOIN disciplinas d ON n.id_disciplina = d.id_disciplina
WHERE n.ativo = 1 AND u.tipo_usuario = 'ESTUDANTE'
GROUP BY n.id_aluno, n.id_disciplina;

CREATE OR REPLACE VIEW `view_estatisticas_disciplina` AS
SELECT 
    d.id_disciplina,
    d.nome_disciplina,
    d.codigo_disciplina,
    COUNT(DISTINCT n.id_aluno) AS total_alunos,
    COUNT(n.id_nota) AS total_notas,
    ROUND(AVG(n.valor_nota), 2) AS media_geral,
    MIN(n.valor_nota) AS nota_minima,
    MAX(n.valor_nota) AS nota_maxima,
    SUM(CASE WHEN n.valor_nota >= 6.0 THEN 1 ELSE 0 END) AS notas_aprovadas,
    SUM(CASE WHEN n.valor_nota < 6.0 THEN 1 ELSE 0 END) AS notas_reprovadas,
    ROUND((SUM(CASE WHEN n.valor_nota >= 6.0 THEN 1 ELSE 0 END) * 100.0) / COUNT(n.id_nota), 2) AS percentual_aprovacao
FROM disciplinas d
LEFT JOIN notas n ON d.id_disciplina = n.id_disciplina AND n.ativo = 1
WHERE d.ativa = 1
GROUP BY d.id_disciplina;

CREATE OR REPLACE VIEW `view_ranking_alunos` AS
SELECT 
    u.id_usuario,
    u.nome_completo,
    u.matricula_RA,
    u.periodo_atual_aluno,
    COUNT(n.id_nota) AS total_notas,
    ROUND(AVG(n.valor_nota), 2) AS media_geral,
    SUM(CASE WHEN n.valor_nota >= 6.0 THEN 1 ELSE 0 END) AS notas_aprovadas,
    SUM(CASE WHEN n.valor_nota < 6.0 THEN 1 ELSE 0 END) AS notas_reprovadas,
    RANK() OVER (ORDER BY AVG(n.valor_nota) DESC) AS ranking_geral
FROM usuarios u
LEFT JOIN notas n ON u.id_usuario = n.id_aluno AND n.ativo = 1
WHERE u.tipo_usuario = 'ESTUDANTE' AND u.ativo = 1
GROUP BY u.id_usuario
HAVING COUNT(n.id_nota) > 0
ORDER BY media_geral DESC;
-- <<< FIM DA SEÇÃO ADICIONADA DO SCRIPT DE NOTAS >>>

-- --------------------------------------------------------
-- ETAPA 5: ÍNDICES, AUTO_INCREMENT E RESTRIÇÕES
-- --------------------------------------------------------

ALTER TABLE `agenda_disciplinas_vinculadas` ADD PRIMARY KEY (`id_agenda_disciplina`), ADD UNIQUE KEY `uk_evento_disciplina` (`id_evento`,`id_disciplina`), ADD KEY `idx_agenda_evento` (`id_evento`), ADD KEY `idx_agenda_disciplina` (`id_disciplina`);
ALTER TABLE `avaliacoes_preenchidas` ADD PRIMARY KEY (`id_avaliacao_preenchida`), ADD KEY `idx_avaliacao_questionario` (`id_questionario`), ADD KEY `idx_avaliacao_aluno` (`id_aluno_avaliado`), ADD KEY `idx_avaliacao_avaliador` (`id_avaliador`), ADD KEY `idx_avaliacao_disciplina` (`id_disciplina`), ADD KEY `idx_avaliacao_turma` (`id_turma`), ADD KEY `idx_avaliacao_data` (`data_realizacao`), ADD KEY `idx_avaliacao_status` (`status_avaliacao`), ADD KEY `id_local_evento` (`id_local_evento`), ADD KEY `idx_avaliacoes_data_status` (`data_realizacao`,`status_avaliacao`), ADD KEY `idx_avaliacoes_aluno_data` (`id_aluno_avaliado`,`data_realizacao`), ADD KEY `idx_avaliacoes_avaliador_data` (`id_avaliador`,`data_realizacao`);
ALTER TABLE `competencias_questionario` ADD PRIMARY KEY (`id_competencia_questionario`), ADD KEY `idx_competencia_questionario` (`id_questionario`), ADD KEY `idx_competencia_nome` (`nome_competencia`), ADD KEY `idx_competencia_ordem` (`ordem_exibicao`), ADD KEY `idx_competencia_ativo` (`ativo`);
ALTER TABLE `disciplinas` ADD PRIMARY KEY (`id_disciplina`), ADD UNIQUE KEY `codigo_disciplina` (`codigo_disciplina`), ADD UNIQUE KEY `UK_o5w330o6es8py0adahujjc83s` (`sigla_disciplina`), ADD KEY `idx_disciplina_codigo` (`codigo_disciplina`), ADD KEY `idx_disciplina_nome` (`nome_disciplina`), ADD KEY `idx_disciplina_ativo` (`ativo`);
ALTER TABLE `disciplinas_turmas` ADD PRIMARY KEY (`id_disciplina_turma`), ADD UNIQUE KEY `uk_disciplina_turma` (`id_disciplina`,`id_turma`), ADD KEY `idx_disciplina_turma_disciplina` (`id_disciplina`), ADD KEY `idx_disciplina_turma_turma` (`id_turma`), ADD KEY `idx_disciplina_turma_professor` (`id_professor`);
ALTER TABLE `eventos_agenda` ADD PRIMARY KEY (`id_evento`), ADD KEY `idx_evento_data_inicio` (`data_inicio`), ADD KEY `idx_evento_data_fim` (`data_fim`), ADD KEY `idx_evento_local` (`id_local_evento`), ADD KEY `idx_evento_disciplina` (`id_disciplina`), ADD KEY `idx_evento_turma` (`id_turma`), ADD KEY `idx_evento_responsavel` (`id_responsavel`), ADD KEY `idx_evento_tipo` (`tipo_evento`), ADD KEY `idx_evento_status` (`status_evento`), ADD KEY `idx_eventos_data_tipo` (`data_inicio`,`tipo_evento`);
ALTER TABLE `locais_eventos` ADD PRIMARY KEY (`id_local_evento`), ADD KEY `idx_local_nome` (`nome_local`), ADD KEY `idx_local_ativo` (`ativo`);
ALTER TABLE `log_acoes` ADD PRIMARY KEY (`id_log`), ADD KEY `idx_log_usuario` (`id_usuario`), ADD KEY `idx_log_acao` (`acao`), ADD KEY `idx_log_tabela` (`tabela_afetada`), ADD KEY `idx_log_data` (`data_acao`);
ALTER TABLE `participantes_eventos` ADD PRIMARY KEY (`id_participante_evento`), ADD UNIQUE KEY `uk_evento_usuario` (`id_evento`,`id_usuario`), ADD KEY `idx_participante_evento` (`id_evento`), ADD KEY `idx_participante_usuario` (`id_usuario`), ADD KEY `idx_participante_papel` (`papel_participante`), ADD KEY `idx_participante_confirmado` (`confirmado`);
ALTER TABLE `permissoes` ADD PRIMARY KEY (`id_permissao`), ADD UNIQUE KEY `nome_permissao` (`nome_permissao`), ADD KEY `idx_permissao_nome` (`nome_permissao`), ADD KEY `idx_permissao_ativo` (`ativo`);
ALTER TABLE `questionarios` ADD PRIMARY KEY (`id_questionario`), ADD KEY `idx_questionario_tipo` (`tipo_avaliacao`), ADD KEY `idx_questionario_nome` (`nome_modelo`), ADD KEY `idx_questionario_ativo` (`ativo`);
ALTER TABLE `respostas_itens_avaliacao` ADD PRIMARY KEY (`id_resposta_avaliacao`), ADD UNIQUE KEY `uk_resposta_avaliacao_competencia` (`id_avaliacao_preenchida`,`id_competencia_questionario`), ADD KEY `idx_resposta_avaliacao` (`id_avaliacao_preenchida`), ADD KEY `idx_resposta_competencia` (`id_competencia_questionario`), ADD KEY `idx_resposta_valor` (`resposta_valor_numerico`), ADD KEY `idx_resposta_nao_avaliado` (`nao_avaliado`), ADD KEY `idx_respostas_valor_competencia` (`resposta_valor_numerico`,`id_competencia_questionario`);
ALTER TABLE `turmas` ADD PRIMARY KEY (`id_turma`), ADD UNIQUE KEY `UK_79r9a4uhk2o7i4cvfel5bfdq` (`codigo_turma`), ADD KEY `idx_turma_ano_semestre` (`ano_letivo`,`semestre`), ADD KEY `idx_turma_nome` (`nome_turma`), ADD KEY `idx_turma_ativo` (`ativo`);
ALTER TABLE `usuarios` ADD PRIMARY KEY (`id_usuario`), ADD UNIQUE KEY `email` (`email`), ADD UNIQUE KEY `matricula_RA` (`matricula_RA`), ADD KEY `idx_usuario_email` (`email`), ADD KEY `idx_usuario_tipo` (`tipo_usuario`), ADD KEY `idx_usuario_ativo` (`ativo`), ADD KEY `idx_usuario_matricula` (`matricula_RA`), ADD KEY `id_permissao` (`id_permissao`), ADD KEY `idx_usuarios_tipo_ativo` (`tipo_usuario`,`ativo`);
ALTER TABLE `usuarios_permissoes` ADD PRIMARY KEY (`id_usuario_permissao`), ADD UNIQUE KEY `uk_usuario_permissao` (`id_usuario`,`id_permissao`), ADD KEY `idx_usuario_permissao_usuario` (`id_usuario`), ADD KEY `idx_usuario_permissao_permissao` (`id_permissao`);
ALTER TABLE `usuarios_turmas` ADD PRIMARY KEY (`id_usuario_turma`), ADD UNIQUE KEY `uk_usuario_turma_papel` (`id_usuario`,`id_turma`,`papel`), ADD KEY `idx_usuario_turma_usuario` (`id_usuario`), ADD KEY `idx_usuario_turma_turma` (`id_turma`), ADD KEY `idx_usuario_turma_papel` (`papel`);
ALTER TABLE `agenda_disciplinas_vinculadas` MODIFY `id_agenda_disciplina` int(11) NOT NULL AUTO_INCREMENT;
ALTER TABLE `avaliacoes_preenchidas` MODIFY `id_avaliacao_preenchida` int(11) NOT NULL AUTO_INCREMENT;
ALTER TABLE `competencias_questionario` MODIFY `id_competencia_questionario` int(11) NOT NULL AUTO_INCREMENT;
ALTER TABLE `disciplinas` MODIFY `id_disciplina` int(11) NOT NULL AUTO_INCREMENT;
ALTER TABLE `disciplinas_turmas` MODIFY `id_disciplina_turma` int(11) NOT NULL AUTO_INCREMENT;
ALTER TABLE `eventos_agenda` MODIFY `id_evento` int(11) NOT NULL AUTO_INCREMENT;
ALTER TABLE `locais_eventos` MODIFY `id_local_evento` int(11) NOT NULL AUTO_INCREMENT;
ALTER TABLE `log_acoes` MODIFY `id_log` int(11) NOT NULL AUTO_INCREMENT;
ALTER TABLE `participantes_eventos` MODIFY `id_participante_evento` int(11) NOT NULL AUTO_INCREMENT;
ALTER TABLE `permissoes` MODIFY `id_permissao` int(11) NOT NULL AUTO_INCREMENT;
ALTER TABLE `questionarios` MODIFY `id_questionario` int(11) NOT NULL AUTO_INCREMENT;
ALTER TABLE `respostas_itens_avaliacao` MODIFY `id_resposta_avaliacao` int(11) NOT NULL AUTO_INCREMENT;
ALTER TABLE `turmas` MODIFY `id_turma` int(11) NOT NULL AUTO_INCREMENT;
ALTER TABLE `usuarios` MODIFY `id_usuario` int(11) NOT NULL AUTO_INCREMENT;
ALTER TABLE `usuarios_permissoes` MODIFY `id_usuario_permissao` int(11) NOT NULL AUTO_INCREMENT;
ALTER TABLE `usuarios_turmas` MODIFY `id_usuario_turma` int(11) NOT NULL AUTO_INCREMENT;
ALTER TABLE `agenda_disciplinas_vinculadas` ADD CONSTRAINT `agenda_disciplinas_vinculadas_ibfk_1` FOREIGN KEY (`id_evento`) REFERENCES `eventos_agenda` (`id_evento`) ON DELETE CASCADE ON UPDATE CASCADE, ADD CONSTRAINT `agenda_disciplinas_vinculadas_ibfk_2` FOREIGN KEY (`id_disciplina`) REFERENCES `disciplinas` (`id_disciplina`) ON DELETE CASCADE ON UPDATE CASCADE;
ALTER TABLE `avaliacoes_preenchidas` ADD CONSTRAINT `avaliacoes_preenchidas_ibfk_1` FOREIGN KEY (`id_questionario`) REFERENCES `questionarios` (`id_questionario`) ON UPDATE CASCADE, ADD CONSTRAINT `avaliacoes_preenchidas_ibfk_2` FOREIGN KEY (`id_aluno_avaliado`) REFERENCES `usuarios` (`id_usuario`) ON DELETE CASCADE ON UPDATE CASCADE, ADD CONSTRAINT `avaliacoes_preenchidas_ibfk_3` FOREIGN KEY (`id_avaliador`) REFERENCES `usuarios` (`id_usuario`) ON DELETE CASCADE ON UPDATE CASCADE, ADD CONSTRAINT `avaliacoes_preenchidas_ibfk_4` FOREIGN KEY (`id_disciplina`) REFERENCES `disciplinas` (`id_disciplina`) ON DELETE SET NULL ON UPDATE CASCADE, ADD CONSTRAINT `avaliacoes_preenchidas_ibfk_5` FOREIGN KEY (`id_turma`) REFERENCES `turmas` (`id_turma`) ON DELETE SET NULL ON UPDATE CASCADE, ADD CONSTRAINT `avaliacoes_preenchidas_ibfk_6` FOREIGN KEY (`id_local_evento`) REFERENCES `locais_eventos` (`id_local_evento`) ON DELETE SET NULL ON UPDATE CASCADE;
ALTER TABLE `competencias_questionario` ADD CONSTRAINT `competencias_questionario_ibfk_1` FOREIGN KEY (`id_questionario`) REFERENCES `questionarios` (`id_questionario`) ON DELETE CASCADE ON UPDATE CASCADE;
ALTER TABLE `disciplinas_turmas` ADD CONSTRAINT `disciplinas_turmas_ibfk_1` FOREIGN KEY (`id_disciplina`) REFERENCES `disciplinas` (`id_disciplina`) ON DELETE CASCADE ON UPDATE CASCADE, ADD CONSTRAINT `disciplinas_turmas_ibfk_2` FOREIGN KEY (`id_turma`) REFERENCES `turmas` (`id_turma`) ON DELETE CASCADE ON UPDATE CASCADE, ADD CONSTRAINT `disciplinas_turmas_ibfk_3` FOREIGN KEY (`id_professor`) REFERENCES `usuarios` (`id_usuario`) ON DELETE SET NULL ON UPDATE CASCADE;
ALTER TABLE `eventos_agenda` ADD CONSTRAINT `eventos_agenda_ibfk_1` FOREIGN KEY (`id_local_evento`) REFERENCES `locais_eventos` (`id_local_evento`) ON DELETE SET NULL ON UPDATE CASCADE, ADD CONSTRAINT `eventos_agenda_ibfk_2` FOREIGN KEY (`id_disciplina`) REFERENCES `disciplinas` (`id_disciplina`) ON DELETE SET NULL ON UPDATE CASCADE, ADD CONSTRAINT `eventos_agenda_ibfk_3` FOREIGN KEY (`id_turma`) REFERENCES `turmas` (`id_turma`) ON DELETE SET NULL ON UPDATE CASCADE, ADD CONSTRAINT `eventos_agenda_ibfk_4` FOREIGN KEY (`id_responsavel`) REFERENCES `usuarios` (`id_usuario`) ON DELETE SET NULL ON UPDATE CASCADE;
ALTER TABLE `log_acoes` ADD CONSTRAINT `log_acoes_ibfk_1` FOREIGN KEY (`id_usuario`) REFERENCES `usuarios` (`id_usuario`) ON DELETE SET NULL ON UPDATE CASCADE;
ALTER TABLE `participantes_eventos` ADD CONSTRAINT `participantes_eventos_ibfk_1` FOREIGN KEY (`id_evento`) REFERENCES `eventos_agenda` (`id_evento`) ON DELETE CASCADE ON UPDATE CASCADE, ADD CONSTRAINT `participantes_eventos_ibfk_2` FOREIGN KEY (`id_usuario`) REFERENCES `usuarios` (`id_usuario`) ON DELETE CASCADE ON UPDATE CASCADE;
ALTER TABLE `respostas_itens_avaliacao` ADD CONSTRAINT `respostas_itens_avaliacao_ibfk_1` FOREIGN KEY (`id_avaliacao_preenchida`) REFERENCES `avaliacoes_preenchidas` (`id_avaliacao_preenchida`) ON DELETE CASCADE ON UPDATE CASCADE, ADD CONSTRAINT `respostas_itens_avaliacao_ibfk_2` FOREIGN KEY (`id_competencia_questionario`) REFERENCES `competencias_questionario` (`id_competencia_questionario`) ON DELETE CASCADE ON UPDATE CASCADE;
ALTER TABLE `usuarios` ADD CONSTRAINT `usuarios_ibfk_1` FOREIGN KEY (`id_permissao`) REFERENCES `permissoes` (`id_permissao`) ON DELETE SET NULL ON UPDATE CASCADE;
ALTER TABLE `usuarios_permissoes` ADD CONSTRAINT `usuarios_permissoes_ibfk_1` FOREIGN KEY (`id_usuario`) REFERENCES `usuarios` (`id_usuario`) ON DELETE CASCADE ON UPDATE CASCADE, ADD CONSTRAINT `usuarios_permissoes_ibfk_2` FOREIGN KEY (`id_permissao`) REFERENCES `permissoes` (`id_permissao`) ON DELETE CASCADE ON UPDATE CASCADE;
ALTER TABLE `usuarios_turmas` ADD CONSTRAINT `usuarios_turmas_ibfk_1` FOREIGN KEY (`id_usuario`) REFERENCES `usuarios` (`id_usuario`) ON DELETE CASCADE ON UPDATE CASCADE, ADD CONSTRAINT `usuarios_turmas_ibfk_2` FOREIGN KEY (`id_turma`) REFERENCES `turmas` (`id_turma`) ON DELETE CASCADE ON UPDATE CASCADE;

-- ETAPA 6: FINALIZAÇÃO
COMMIT;
SET FOREIGN_KEY_CHECKS=1;